location,name,func
BlackOps4.exe+90f8790,gametype_setting,BlackOps4.exe+2898290
BlackOps4.exe+f9f8da8,exec,BlackOps4.exe+3cdf0c0
BlackOps4.exe+da0c4b0,hash_1dcaf36fc69e9183,BlackOps4.exe+3807b90
BlackOps4.exe+fa20230,set,BlackOps4.exe+3d07090
BlackOps4.exe+da0c510,hash_22f88a839b92e707,BlackOps4.exe+3807a40
BlackOps4.exe+da0c4e0,hash_22bc66943081bb7d,BlackOps4.exe+3807e30
BlackOps4.exe+da0c540,hash_20929e1a09772771,BlackOps4.exe+3807ce0
BlackOps4.exe+8b232b0,cmd,BlackOps4.exe+285c180
BlackOps4.exe+8a3e6f0,bindaxis,BlackOps4.exe+282cc00
BlackOps4.exe+8a4fa68,bind,BlackOps4.exe+283df30
BlackOps4.exe+8a4fa98,bind2,BlackOps4.exe+283df30
BlackOps4.exe+8a4faf8,unbind2,BlackOps4.exe+2841240
BlackOps4.exe+8a4fac8,unbind,BlackOps4.exe+2841240
BlackOps4.exe+f761be8,updatedifficultyfromprofile,BlackOps4.exe+3cde870
BlackOps4.exe+da0c570,checkdlcownership,BlackOps4.exe+380b590
BlackOps4.exe+da0c480,hash_3fa98e220275a014,BlackOps4.exe+380c660
BlackOps4.exe+da0c450,hash_34708c622e1edae0,BlackOps4.exe+380c690
BlackOps4.exe+e176e60,lobby_reload,BlackOps4.exe+38e3a30
BlackOps4.exe+ed3e1a0,execlua,BlackOps4.exe+390d070
BlackOps4.exe+97ef560,netstatsupdate,BlackOps4.exe+2e05650
BlackOps4.exe+97ef530,netstatsdump,BlackOps4.exe+2e05770
BlackOps4.exe+fc606b8,hash_57a4ebb872e46e54,BlackOps4.exe+3d33650
BlackOps4.exe+8a3e720,unbindallaxis,BlackOps4.exe+282ce40
BlackOps4.exe+8a4fb28,unbindall,BlackOps4.exe+28413a0
BlackOps4.exe+8a4fbb8,loadbinds,BlackOps4.exe+283ead0
BlackOps4.exe+67b9660,setfocusscoreboard,BlackOps4.exe+c3e7f0
BlackOps4.exe+68991e0,shoutcaster_thirdperson,BlackOps4.exe+1549bb0
BlackOps4.exe+68991b0,camerashake,BlackOps4.exe+155ff60
BlackOps4.exe+6899180,updatevehiclebindings,BlackOps4.exe+154bb10
BlackOps4.exe+6598ab0,hash_1cc086f5ba4b670d,BlackOps4.exe+8090a0
BlackOps4.exe+6598a80,hash_9d46eeb5b82045b,BlackOps4.exe+809090
BlackOps4.exe+6598a50,hash_43546bbf707145bc,BlackOps4.exe+7f3250
BlackOps4.exe+6598a20,cgprintentities,BlackOps4.exe+7faef0
BlackOps4.exe+65989f0,togglebandwidthprofile,BlackOps4.exe+804c30
BlackOps4.exe+65989c0,playrumble,BlackOps4.exe+7fae00
BlackOps4.exe+6598990,hash_7e00cb01448dfa08,BlackOps4.exe+804d30
BlackOps4.exe+6598960,cg_togglemap,BlackOps4.exe+804f20
BlackOps4.exe+6598930,cg_togglescores,BlackOps4.exe+805150
BlackOps4.exe+6598900,voiceteamchat,BlackOps4.exe+802d10
BlackOps4.exe+65988d0,voicechat,BlackOps4.exe+807170
BlackOps4.exe+65988a0,cg_shellshock,BlackOps4.exe+800c10
BlackOps4.exe+6598870,weapprev,BlackOps4.exe+2167350
BlackOps4.exe+6598840,weapnext,BlackOps4.exe+2143220
BlackOps4.exe+6598810,viewpos,BlackOps4.exe+805290
BlackOps4.exe+f98c860,hash_68ab2cf114e6506,BlackOps4.exe+3cd8730
BlackOps4.exe+f98c830,resetthumbnailviewer,BlackOps4.exe+3cd76f0
BlackOps4.exe+f98c800,addthumbnail,BlackOps4.exe+3cd7100
BlackOps4.exe+f98c7d0,preservethumbnails,BlackOps4.exe+3cd7670
BlackOps4.exe+f98c7a0,setupthumbnailformarketing,BlackOps4.exe+3cd8f80
BlackOps4.exe+f98c770,setupthumbnailforfilesharesave,BlackOps4.exe+3cd8df0
BlackOps4.exe+f98c740,setupthumbnailsformanagesegments,BlackOps4.exe+3cd8ed0
BlackOps4.exe+f98c710,screenshotviewerabortdownload,BlackOps4.exe+3cd8680
BlackOps4.exe+f98c6e0,screenshotviewerdownload,BlackOps4.exe+3cd86a0
BlackOps4.exe+948fa50,spawnsystem_devgui,BlackOps4.exe+2d77270
BlackOps4.exe+5f95b30,bgcacheprintitems,BlackOps4.exe+5cf590
BlackOps4.exe+f96be70,isbadword,BlackOps4.exe+3cd11b0
BlackOps4.exe+f96be40,checkclanname,BlackOps4.exe+3ccdc80
BlackOps4.exe+f96be10,setclanname,BlackOps4.exe+3cd62e0
BlackOps4.exe+12c43c78,emblembackgroundflushresults,BlackOps4.exe+4184dd0
BlackOps4.exe+12c43c48,emblemflushresults,BlackOps4.exe+4185080
BlackOps4.exe+f608828,hash_92729eaf249acaa,BlackOps4.exe+3c497b0
BlackOps4.exe+f761d08,hostmigration_start,BlackOps4.exe+3cde870
BlackOps4.exe+f761ca8,setperk,BlackOps4.exe+3cde870
BlackOps4.exe+f761c48,stringusage,BlackOps4.exe+3cde870
BlackOps4.exe+f761b88,scriptthreadusage,BlackOps4.exe+3cde870
BlackOps4.exe+f761b28,killserver,BlackOps4.exe+3cde870
BlackOps4.exe+f761ac8,switchmaps,BlackOps4.exe+3cde870
BlackOps4.exe+f761a68,msload,BlackOps4.exe+3cde870
BlackOps4.exe+f761a08,mspreload,BlackOps4.exe+3cde870
BlackOps4.exe+f7619a8,devmap,BlackOps4.exe+3cde870
BlackOps4.exe+f761948,map_rotate,BlackOps4.exe+3cde870
BlackOps4.exe+f7618e8,map,BlackOps4.exe+3cde870
BlackOps4.exe+f761888,notifystatschanged,BlackOps4.exe+3cde870
BlackOps4.exe+f761828,checkpoint_restart,BlackOps4.exe+3cde870
BlackOps4.exe+f7617c8,mission_restart,BlackOps4.exe+3cde870
BlackOps4.exe+f761768,hash_1e01c22e54a1841f,BlackOps4.exe+3cde870
BlackOps4.exe+f761708,hash_3c258453c54bc43e,BlackOps4.exe+3cde870
BlackOps4.exe+f7616a8,mychanges_restart,BlackOps4.exe+3cde870
BlackOps4.exe+f761648,fast_restart,BlackOps4.exe+3cde870
BlackOps4.exe+f7615e8,full_restart,BlackOps4.exe+3cde870
BlackOps4.exe+f761588,dumpuser,BlackOps4.exe+3cde870
BlackOps4.exe+f761528,systeminfo,BlackOps4.exe+3cde870
BlackOps4.exe+f7614c8,serverinfo,BlackOps4.exe+3cde870
BlackOps4.exe+f761468,teamstatus,BlackOps4.exe+3cde870
BlackOps4.exe+f761408,hash_335926c22397b615,BlackOps4.exe+3cde870
BlackOps4.exe+f7613a8,status,BlackOps4.exe+3cde870
BlackOps4.exe+f761348,clientkick_for_reason,BlackOps4.exe+3cde870
BlackOps4.exe+f7612e8,clientkick,BlackOps4.exe+3cde870
BlackOps4.exe+f761288,tempbanclient,BlackOps4.exe+3cde870
BlackOps4.exe+f761228,tempbanuser,BlackOps4.exe+3cde870
BlackOps4.exe+f7611c8,kick,BlackOps4.exe+3cde870
BlackOps4.exe+f761168,banclient,BlackOps4.exe+3cde870
BlackOps4.exe+f761108,banuser,BlackOps4.exe+3cde870
BlackOps4.exe+f7610a8,onlykick,BlackOps4.exe+3cde870
BlackOps4.exe+f761048,heartbeat,BlackOps4.exe+3cde870
BlackOps4.exe+8831418,invalidaterenders,BlackOps4.exe+278e200
BlackOps4.exe+a073760,netchandump,BlackOps4.exe+2e06e60
BlackOps4.exe+a073730,net_dumpprofile,BlackOps4.exe+2e065e0
BlackOps4.exe+a073700,netqueue,BlackOps4.exe+2e0b220
BlackOps4.exe+90d0b78,setupweapondefs,BlackOps4.exe+42146e0
BlackOps4.exe+90d0b48,printlivememusage,BlackOps4.exe+288fee0
BlackOps4.exe+90d0b18,loadcommonff,BlackOps4.exe+288ffa0
BlackOps4.exe+90d0ae8,writedefaults,BlackOps4.exe+28917b0
BlackOps4.exe+90d0ab8,quit,BlackOps4.exe+2890480
BlackOps4.exe+90d0a88,ntpsync,BlackOps4.exe+2890410
BlackOps4.exe+90d0a58,hash_da41417123a304b,BlackOps4.exe+288a3c0
BlackOps4.exe+90d0a28,hash_7d06efec300e40a7,BlackOps4.exe+288a3d0
BlackOps4.exe+90d09f8,featurechecksum,BlackOps4.exe+2264d40
BlackOps4.exe+90d09c8,startwzmatch,BlackOps4.exe+28911a0
BlackOps4.exe+f0a8d90,hash_24ecc8057d415e3d,BlackOps4.exe+3c3ca50
BlackOps4.exe+f0a8d60,marketing_markmessageasviewed,BlackOps4.exe+3c3d7d0
BlackOps4.exe+b21d408,resetprofilecommon,BlackOps4.exe+31cbc60
BlackOps4.exe+b21d3d8,updategamerprofile,BlackOps4.exe+31cc310
BlackOps4.exe+b21d3a8,getprofile,BlackOps4.exe+31caa90
BlackOps4.exe+b21d378,setprofile,BlackOps4.exe+31ccaa0
BlackOps4.exe+da07b08,livephrasetest,BlackOps4.exe+37f94f0
BlackOps4.exe+da07ad8,timewarpreset,BlackOps4.exe+3805210
BlackOps4.exe+da07aa8,timewarpset,BlackOps4.exe+3805230
BlackOps4.exe+da07a78,timewarpadd,BlackOps4.exe+38051a0
BlackOps4.exe+da07b38,logglytest,BlackOps4.exe+3804170
BlackOps4.exe+d4c7180,updatecards,BlackOps4.exe+37db020
BlackOps4.exe+d4c7150,loadcrmmessages,BlackOps4.exe+37dafb0
BlackOps4.exe+da059b0,hash_593d1f289d304ae6,BlackOps4.exe+37f8810
BlackOps4.exe+da05980,dumpallspecialitemskus,BlackOps4.exe+37f6150
BlackOps4.exe+da05950,hash_2a5ee30fdf60b917,BlackOps4.exe+37f8890
BlackOps4.exe+da05920,hash_4786151cf4d0df3b,BlackOps4.exe+37f5be0
BlackOps4.exe+da058f0,refetchbalances,BlackOps4.exe+37f8b50
BlackOps4.exe+da058c0,refetchinventory,BlackOps4.exe+37f8ba0
BlackOps4.exe+64455d0,bbdisable,BlackOps4.exe+6e1ec0
BlackOps4.exe+64455a0,bbenable,BlackOps4.exe+6e1f70
BlackOps4.exe+6445570,bbsend,BlackOps4.exe+6e2530
BlackOps4.exe+a830910,flushkvs,BlackOps4.exe+2ecdd20
BlackOps4.exe+dacb548,vote_gethistory,BlackOps4.exe+381d3e0
BlackOps4.exe+dacb518,vote_submitdislike,BlackOps4.exe+381d910
BlackOps4.exe+dacb4e8,vote_submitlike,BlackOps4.exe+381d920
BlackOps4.exe+da24d40,hash_912c950a9467b2e,BlackOps4.exe+3811770
BlackOps4.exe+da24d10,hash_3ea2c593564c38cc,BlackOps4.exe+380ff90
BlackOps4.exe+da24ce0,hash_52f98b825c502ea9,BlackOps4.exe+3811f70
BlackOps4.exe+da24cb0,hash_599510b7a911937d,BlackOps4.exe+380d9d0
BlackOps4.exe+da24c80,hash_19a830857cfac200,BlackOps4.exe+380daa0
BlackOps4.exe+da24c50,resetleaderboard,BlackOps4.exe+3813cf0
BlackOps4.exe+da24c20,resetleaderboards,BlackOps4.exe+38140a0
BlackOps4.exe+d71d310,sendinvite,BlackOps4.exe+37e7240
BlackOps4.exe+d71d2e0,updateinfoforingamelist,BlackOps4.exe+37e8030
BlackOps4.exe+da38e00,reportuser,BlackOps4.exe+381a1e0
BlackOps4.exe+7be41e0,awardplatformachievement,BlackOps4.exe+22ed870
BlackOps4.exe+ed460a0,chatmodeparty,BlackOps4.exe+3a775b0
BlackOps4.exe+ed46070,chatmodeteam,BlackOps4.exe+3a775d0
BlackOps4.exe+ed46040,chatmodepublic,BlackOps4.exe+3a775c0
BlackOps4.exe+ed46010,chatmodelast,BlackOps4.exe+3a77570
BlackOps4.exe+da0aca8,hash_23e539f93a45f84c,BlackOps4.exe+3806c70
BlackOps4.exe+da0ac78,hash_24875afcf80bb12d,BlackOps4.exe+3806ce0
BlackOps4.exe+da0ac48,hash_13d16c2213de28b8,BlackOps4.exe+3806cb0
BlackOps4.exe+7be41b0,hash_1235e42fc5b03cf0,BlackOps4.exe+22ed790
BlackOps4.exe+7be4180,hash_3fe49b2a72934b65,BlackOps4.exe+22ed6f0
BlackOps4.exe+7be4150,hash_7180146d1ecc4c5,BlackOps4.exe+22e8220
BlackOps4.exe+7be4120,hash_37b6bd75516c0d29,BlackOps4.exe+22e8140
BlackOps4.exe+7be40f0,hash_6ae7ff9d73a6c09a,BlackOps4.exe+22e81c0
BlackOps4.exe+7be40c0,hash_631f6f131f5e8ea6,BlackOps4.exe+22eb7a0
BlackOps4.exe+daec550,hash_73a2b06da6b47db3,BlackOps4.exe+389b460
BlackOps4.exe+daec520,hash_33b0b2b2fa9cc344,BlackOps4.exe+389b4e0
BlackOps4.exe+daec4f0,hash_611ae8c19fe45c56,BlackOps4.exe+389b200
BlackOps4.exe+daec4c0,hash_470a94351ace99cf,BlackOps4.exe+389b150
BlackOps4.exe+daec490,hash_7f56c595d5f6794,BlackOps4.exe+389b0d0
BlackOps4.exe+7be82e0,hash_7f23d55407cc7385,BlackOps4.exe+22f1f00
BlackOps4.exe+7be82b0,hash_6f1dc07d6d6fccb1,BlackOps4.exe+22f0ee0
BlackOps4.exe+7be8280,hash_34959ca6aeace453,BlackOps4.exe+22f0e80
BlackOps4.exe+ddcd6d0,getxp,BlackOps4.exe+38c00f0
BlackOps4.exe+ddaa0b0,uploadstats,BlackOps4.exe+38bb510
BlackOps4.exe+ddaa080,pubsemaphorefetch,BlackOps4.exe+38ba240
BlackOps4.exe+ddaa050,getuserobjectcounts,BlackOps4.exe+38b9710
BlackOps4.exe+ddaa020,forcesynctime,BlackOps4.exe+38b7ac0
BlackOps4.exe+7c22278,hash_1a04422a877a3958,BlackOps4.exe+263bbb0
BlackOps4.exe+7c22248,hash_4c2d12b012e0aa2b,BlackOps4.exe+263b340
BlackOps4.exe+6440e50,copybubblegumpack,BlackOps4.exe+6ab4e0
BlackOps4.exe+6440e20,copyclass,BlackOps4.exe+6ab640
BlackOps4.exe+6440df0,builditemlistforslotnameandgroup,BlackOps4.exe+6a9b80
BlackOps4.exe+6440dc0,builditemlistforgroupname,BlackOps4.exe+6a9a80
BlackOps4.exe+6440d90,builditemlistforgroupforweapontable,BlackOps4.exe+6a9980
BlackOps4.exe+6440d60,builditemlistforgroup,BlackOps4.exe+6a9910
BlackOps4.exe+6440d30,builditemlistforslotname,BlackOps4.exe+6a9d00
BlackOps4.exe+6440d00,purchaseitem,BlackOps4.exe+6b62e0
BlackOps4.exe+6440cd0,clearallitemsnew,BlackOps4.exe+6aa6c0
BlackOps4.exe+6440ca0,clearitemnew,BlackOps4.exe+6aadb0
BlackOps4.exe+6440c70,hash_762b92b55b41419a,BlackOps4.exe+6b7a70
BlackOps4.exe+6440c40,hash_52cc73fc4a8ccfbc,BlackOps4.exe+6b7a80
BlackOps4.exe+6440c10,resetcurrentclasssetindexmpcustom,BlackOps4.exe+6b7a90
BlackOps4.exe+6440be0,resetcurrentclasssetindexmppublic,BlackOps4.exe+6b7aa0
BlackOps4.exe+6440bb0,hash_1c0f022dbacdc86a,BlackOps4.exe+6b79f0
BlackOps4.exe+6440b80,hash_7c5b5beabb8eaaec,BlackOps4.exe+6b7a00
BlackOps4.exe+6440b50,resetclasssetnamempcustom,BlackOps4.exe+6b7a10
BlackOps4.exe+6440b20,resetclasssetnamemppublic,BlackOps4.exe+6b7a20
BlackOps4.exe+6440af0,hash_64440946a7132047,BlackOps4.exe+6b7a30
BlackOps4.exe+6440ac0,hash_329fe619a81dcb6d,BlackOps4.exe+6b7a40
BlackOps4.exe+6440a90,resetclasssetslotmpcustom,BlackOps4.exe+6b7a50
BlackOps4.exe+6440a60,resetclasssetslotmppublic,BlackOps4.exe+6b7a60
BlackOps4.exe+6440a30,resetmpshowcaseweaponvariantname,BlackOps4.exe+6b80b0
BlackOps4.exe+6440a00,resetmpshowcaseweaponattributearray,BlackOps4.exe+6b7e30
BlackOps4.exe+64409d0,resetmpshowcaseweaponattribute,BlackOps4.exe+6b7bc0
BlackOps4.exe+64409a0,resetmpcharacterloadout,BlackOps4.exe+6b7b40
BlackOps4.exe+6440970,resetbubblegumpackoffline,BlackOps4.exe+6b79d0
BlackOps4.exe+6440940,resetbubblegumpackonline,BlackOps4.exe+6b79e0
BlackOps4.exe+6440910,resetloadoutzmoffline,BlackOps4.exe+6b7b20
BlackOps4.exe+64408e0,hash_4d2d8f7f576add72,BlackOps4.exe+6b7b10
BlackOps4.exe+64408b0,resetloadoutzmonline,BlackOps4.exe+6b7b30
BlackOps4.exe+6440880,hash_695cbec522c911df,BlackOps4.exe+6b7ac0
BlackOps4.exe+6440850,resetloadoutmpoffline,BlackOps4.exe+6b7af0
BlackOps4.exe+6440820,hash_70cd1fd23022ba23,BlackOps4.exe+6b7ab0
BlackOps4.exe+64407f0,hash_5d243affeec93cb9,BlackOps4.exe+6b7ad0
BlackOps4.exe+64407c0,resetloadoutmpcustom,BlackOps4.exe+6b7ae0
BlackOps4.exe+6440790,resetloadoutmppublic,BlackOps4.exe+6b7b00
BlackOps4.exe+6440760,clearallloadoutslotszmoffline,BlackOps4.exe+6aaa20
BlackOps4.exe+6440730,hash_7ff4f7287cf5eb62,BlackOps4.exe+6aa9f0
BlackOps4.exe+6440700,clearallloadoutslotszmonline,BlackOps4.exe+6aaa50
BlackOps4.exe+64406d0,hash_4c8dc7c789ad928f,BlackOps4.exe+6aa900
BlackOps4.exe+64406a0,clearallloadoutslotsmpoffline,BlackOps4.exe+6aa990
BlackOps4.exe+6440670,hash_289d62dd86b17e13,BlackOps4.exe+6aa8d0
BlackOps4.exe+6440640,hash_4aa3c3ac9cb2f7c9,BlackOps4.exe+6aa930
BlackOps4.exe+6440610,clearallloadoutslotsmpcustom,BlackOps4.exe+6aa960
BlackOps4.exe+64405e0,clearallloadoutslotsmppublic,BlackOps4.exe+6aa9c0
BlackOps4.exe+64405b0,clearallloadoutslots,BlackOps4.exe+6aa760
BlackOps4.exe+6440580,clearloadoutslotzmoffline,BlackOps4.exe+6ab110
BlackOps4.exe+6440550,hash_56eff8e3b88378d4,BlackOps4.exe+6ab0e0
BlackOps4.exe+6440520,clearloadoutslotzmonline,BlackOps4.exe+6ab140
BlackOps4.exe+64404f0,hash_2ed2dcb23ee3e601,BlackOps4.exe+6aaff0
BlackOps4.exe+64404c0,clearloadoutslotmpoffline,BlackOps4.exe+6ab080
BlackOps4.exe+6440490,hash_5a92f59a9ceaa765,BlackOps4.exe+6aafc0
BlackOps4.exe+6440460,hash_3a1fe2e9ab192897,BlackOps4.exe+6ab020
BlackOps4.exe+6440430,clearloadoutslotmpcustom,BlackOps4.exe+6ab050
BlackOps4.exe+6440400,clearloadoutslotmppublic,BlackOps4.exe+6ab0b0
BlackOps4.exe+64403d0,clearloadoutslot,BlackOps4.exe+6aae40
BlackOps4.exe+64403a0,equiploadoutweaponslotzmoffline,BlackOps4.exe+6ad440
BlackOps4.exe+6440370,hash_5904d0be75d8703b,BlackOps4.exe+6ad410
BlackOps4.exe+6440340,equiploadoutweaponslotzmonline,BlackOps4.exe+6ad470
BlackOps4.exe+6440310,hash_520fbd71c21a75d6,BlackOps4.exe+6ad320
BlackOps4.exe+64402e0,equiploadoutweaponslotmpoffline,BlackOps4.exe+6ad3b0
BlackOps4.exe+64402b0,hash_6c6fe86191d1f604,BlackOps4.exe+6ad2f0
BlackOps4.exe+6440280,hash_4c26782d2d210012,BlackOps4.exe+6ad350
BlackOps4.exe+6440250,equiploadoutweaponslotmpcustom,BlackOps4.exe+6ad380
BlackOps4.exe+6440220,equiploadoutweaponslotmppublic,BlackOps4.exe+6ad3e0
BlackOps4.exe+64401f0,equiploadoutweaponslot,BlackOps4.exe+6acf90
BlackOps4.exe+64401c0,equiploadoutslotzmoffline,BlackOps4.exe+6acf30
BlackOps4.exe+6440190,hash_147eec2b294a0e0f,BlackOps4.exe+6acf00
BlackOps4.exe+6440160,equiploadoutslotzmonline,BlackOps4.exe+6acf60
BlackOps4.exe+6440130,hash_3c43911edbfae04a,BlackOps4.exe+6ace10
BlackOps4.exe+6440100,equiploadoutslotmpoffline,BlackOps4.exe+6acea0
BlackOps4.exe+64400d0,hash_b348a791c457660,BlackOps4.exe+6acde0
BlackOps4.exe+64400a0,hash_5af1a0f0c3a84e5e,BlackOps4.exe+6ace40
BlackOps4.exe+6440070,equiploadoutslotmpcustom,BlackOps4.exe+6ace70
BlackOps4.exe+6440040,equiploadoutslotmppublic,BlackOps4.exe+6aced0
BlackOps4.exe+6440010,equiploadoutslot,BlackOps4.exe+6acc00
BlackOps4.exe+643ffe0,equipdefaultitemtoslot,BlackOps4.exe+6aca90
BlackOps4.exe+643ffb0,uiequipdefaultclass,BlackOps4.exe+6bae00
BlackOps4.exe+643ff80,equipdefaultclasstoprofile,BlackOps4.exe+6ac960
BlackOps4.exe+643ff50,hash_7dda9eeabef890f0,BlackOps4.exe+6ac4c0
BlackOps4.exe+643ff20,hash_7862d86dbb42bf36,BlackOps4.exe+6ac5e0
BlackOps4.exe+643fef0,equipdefaultcustommatchclass,BlackOps4.exe+6ac970
BlackOps4.exe+643fec0,equipdefaultclass,BlackOps4.exe+6ac810
BlackOps4.exe+643fe90,equipclass,BlackOps4.exe+6ac220
BlackOps4.exe+daf6ea8,clearcustomleaderboards,BlackOps4.exe+38a3d50
BlackOps4.exe+daf6e78,checkprestigefeatureban,BlackOps4.exe+38a3c80
BlackOps4.exe+daf6e48,skilltest,BlackOps4.exe+38ac980
BlackOps4.exe+daf6e18,setmotdviewed,BlackOps4.exe+38ac1f0
BlackOps4.exe+daf6de8,setstatfromlocstring,BlackOps4.exe+38ad3b0
BlackOps4.exe+daf6db8,statwritemode,BlackOps4.exe+38ad3c0
BlackOps4.exe+daf6d88,statwriteddl,BlackOps4.exe+38ad1f0
BlackOps4.exe+daf6d58,statreadddlext,BlackOps4.exe+38ad030
BlackOps4.exe+daf6d28,statreadddl,BlackOps4.exe+38acf10
BlackOps4.exe+daf6cf8,statgetbynameindvar,BlackOps4.exe+38accd0
BlackOps4.exe+daf6cc8,stataddbyname,BlackOps4.exe+38aca90
BlackOps4.exe+daf6c98,statsetbyname,BlackOps4.exe+38ad0b0
BlackOps4.exe+7c21f48,hash_68b74033e7f6bc7d,BlackOps4.exe+26359d0
BlackOps4.exe+daf6ed8,saveclasssets,BlackOps4.exe+38af040
BlackOps4.exe+db370b0,hash_45217ea14a38494c,BlackOps4.exe+38b3ff0
BlackOps4.exe+db37080,saveloadout,BlackOps4.exe+38b4930
BlackOps4.exe+db37030,savestats,BlackOps4.exe+38afc80
BlackOps4.exe+db37000,setstatcfg,BlackOps4.exe+38afd20
BlackOps4.exe+db36fd0,setstat,BlackOps4.exe+38afd80
BlackOps4.exe+7be4240,clearrecentplayers,BlackOps4.exe+22f0920
BlackOps4.exe+d4eeda8,fileshareupdatemetadata,BlackOps4.exe+37de840
BlackOps4.exe+d4eed78,filesharesetready,BlackOps4.exe+37dd220
BlackOps4.exe+d4eed48,filesharesubmitdownload,BlackOps4.exe+37dd540
BlackOps4.exe+d4eed18,filesharesubmitview,BlackOps4.exe+37dd550
BlackOps4.exe+d4eece8,fileshareabortsummary,BlackOps4.exe+37dbb70
BlackOps4.exe+d4eecb8,filesharegetsummary,BlackOps4.exe+37dc600
BlackOps4.exe+d4eec88,filesharegetpopularfiles,BlackOps4.exe+37dc460
BlackOps4.exe+d4eec58,fileshareresetsummaryfiles,BlackOps4.exe+37dd200
BlackOps4.exe+d4eec28,filesharegetusersummaryfile,BlackOps4.exe+37dc760
BlackOps4.exe+d4eebf8,filesharegetvotestats,BlackOps4.exe+37dd510
BlackOps4.exe+d4eebc8,filesharegetslotdata,BlackOps4.exe+37dc530
BlackOps4.exe+d4eeb98,filesharestartup,BlackOps4.exe+37dd2f0
BlackOps4.exe+d4eeb68,filesharereset,BlackOps4.exe+37dd190
BlackOps4.exe+d4eeb38,filesharedirty,BlackOps4.exe+37dbd50
BlackOps4.exe+d519670,downloaddemofile,BlackOps4.exe+37e1340
BlackOps4.exe+da34350,dumplivegroups,BlackOps4.exe+3814280
BlackOps4.exe+da34320,updatelivegroup,BlackOps4.exe+3815fe0
BlackOps4.exe+da342f0,leavelivegroup,BlackOps4.exe+38157c0
BlackOps4.exe+da342c0,joinlivegroup,BlackOps4.exe+38153c0
BlackOps4.exe+ddcd838,fetchproducts,BlackOps4.exe+38c01b0
BlackOps4.exe+d4fe880,fshsearchrecentgames,BlackOps4.exe+37dfde0
BlackOps4.exe+d4fe850,fshsearchclear,BlackOps4.exe+37df810
BlackOps4.exe+d4fe820,fshsearchtest,BlackOps4.exe+37e0d90
BlackOps4.exe+7be4210,pcacherank,BlackOps4.exe+22ee840
BlackOps4.exe+6fc7e10,flushpaintjobcache,BlackOps4.exe+22ca720
BlackOps4.exe+da38d90,uploadprofile,BlackOps4.exe+3819970
BlackOps4.exe+f92b0f8,storagewriteddl,BlackOps4.exe+3cae170
BlackOps4.exe+f92b0c8,storageclearall,BlackOps4.exe+3cae150
BlackOps4.exe+f92b098,storageclear,BlackOps4.exe+3cae130
BlackOps4.exe+b1eab20,savegamerestore,BlackOps4.exe+31205e0
BlackOps4.exe+b1eaaf0,savegamecreate,BlackOps4.exe+31200d0
BlackOps4.exe+e176e30,lobby_errorshutdown,BlackOps4.exe+38e36c0
BlackOps4.exe+e192f70,hash_6a54f16f86d61ec0,BlackOps4.exe+38f1c40
BlackOps4.exe+e16bfa0,lobbyloadspecificdemo,BlackOps4.exe+38d8640
BlackOps4.exe+e16bf70,lobbystopdemo,BlackOps4.exe+38d8b20
BlackOps4.exe+e16bf40,lobbylaunchdemo,BlackOps4.exe+38d8420
BlackOps4.exe+e16bf10,lobbyrunplaylistsettings,BlackOps4.exe+38d8a10
BlackOps4.exe+e16bee0,lobbylaunchgame,BlackOps4.exe+38d8630
BlackOps4.exe+e1605d8,clearpsdata,BlackOps4.exe+38c6f30
BlackOps4.exe+da07a48,livedelayedcomerror,BlackOps4.exe+37fa1a0
BlackOps4.exe+da07a18,canceldemonwareconnect,BlackOps4.exe+37f9950
BlackOps4.exe+da079e8,initiatedemonwareconnect,BlackOps4.exe+3803e90
BlackOps4.exe+da07c00,consumable_get,BlackOps4.exe+3805730
BlackOps4.exe+da07bd0,consumable_set,BlackOps4.exe+3805930
BlackOps4.exe+da07ba0,consumable_dec,BlackOps4.exe+3805580
BlackOps4.exe+da07b70,consumable_inc,BlackOps4.exe+3805790
BlackOps4.exe+fc65140,net_restart,BlackOps4.exe+3d37390
BlackOps4.exe+fc65110,in_restart,BlackOps4.exe+3d370a0
BlackOps4.exe+9560528,customgames_count,BlackOps4.exe+2dce340
BlackOps4.exe+95604f8,customgames_load,BlackOps4.exe+2dcf080
BlackOps4.exe+95604c8,customgames_save,BlackOps4.exe+2dcf2b0
BlackOps4.exe+90f88b0,gamesettings_clearuploadinfo,BlackOps4.exe+2897c70
BlackOps4.exe+90f8880,gamesettings_download,BlackOps4.exe+2897cf0
BlackOps4.exe+90f8850,gamesettings_upload,BlackOps4.exe+289a970
BlackOps4.exe+90f8820,restrict_attachment,BlackOps4.exe+2899480
BlackOps4.exe+90f87f0,restrict_item,BlackOps4.exe+2899660
BlackOps4.exe+90f87c0,gts,BlackOps4.exe+2898290
BlackOps4.exe+90f8760,gametype,BlackOps4.exe+289a250
BlackOps4.exe+b87f3c0,screenshotpng,BlackOps4.exe+3543fc0
BlackOps4.exe+b87f390,screenshotjpeg,BlackOps4.exe+3543fb0
BlackOps4.exe+b87f360,r_printalloc,BlackOps4.exe+365da70
BlackOps4.exe+b87f330,screenshot,BlackOps4.exe+3543fa0
BlackOps4.exe+d4bd4a0,havok_mem,BlackOps4.exe+37c6da0
BlackOps4.exe+12164a78,freedemomemory,BlackOps4.exe+411d260
BlackOps4.exe+12164a48,demoupdatelobbyinformation,BlackOps4.exe+411d770
BlackOps4.exe+12164a18,xpartystopdemo,BlackOps4.exe+411d370
BlackOps4.exe+11f58820,demo_updatelightmanmarkerparameters,BlackOps4.exe+4117b70
BlackOps4.exe+11f587f0,demo_applynewlightmanmarkerposition,BlackOps4.exe+410c180
BlackOps4.exe+11f587c0,demo_repositionlightmanmarker,BlackOps4.exe+4114ca0
BlackOps4.exe+11f58790,demo_editlightmanmarker,BlackOps4.exe+410c790
BlackOps4.exe+11f58760,demo_switchlightmanmarker,BlackOps4.exe+4117750
BlackOps4.exe+11f58730,demo_removelightmanmarker,BlackOps4.exe+4112af0
BlackOps4.exe+11f58700,demo_addlightmanmarker,BlackOps4.exe+4109f90
BlackOps4.exe+11f586d0,demo_updatedollycammarkerparameters,BlackOps4.exe+4117ac0
BlackOps4.exe+11f586a0,demo_applynewdollycammarkerposition,BlackOps4.exe+410c120
BlackOps4.exe+11f58670,demo_repositiondollycammarker,BlackOps4.exe+4112cc0
BlackOps4.exe+11f58640,demo_editdollycammarker,BlackOps4.exe+410c730
BlackOps4.exe+11f58610,demo_switchdollycammarker,BlackOps4.exe+4117680
BlackOps4.exe+11f585e0,demo_removedollycammarker,BlackOps4.exe+4112730
BlackOps4.exe+11f585b0,demo_adddollycammarker,BlackOps4.exe+4107e50
BlackOps4.exe+11f58580,demo_stopautodollycam,BlackOps4.exe+41174d0
BlackOps4.exe+11f58550,demo_startautodollycam,BlackOps4.exe+41173c0
BlackOps4.exe+11f58520,demo_deactivatefreecameralockon,BlackOps4.exe+410c410
BlackOps4.exe+11f584f0,demo_activatefreecameralockon,BlackOps4.exe+4107e10
BlackOps4.exe+11f584c0,demo_setfreecameraparams,BlackOps4.exe+4117040
BlackOps4.exe+11f58490,demo_getfreecameraparams,BlackOps4.exe+410cc80
BlackOps4.exe+11f58460,demo_updatesavepopupuimodels,BlackOps4.exe+4117cb0
BlackOps4.exe+11f58430,demo_abortfilesharedownload,BlackOps4.exe+4107dd0
BlackOps4.exe+11f58400,demo_clearrenderflag,BlackOps4.exe+410c350
BlackOps4.exe+11f583d0,demo_setlagflag,BlackOps4.exe+41172f0
BlackOps4.exe+11f583a0,demo_switchcontrols,BlackOps4.exe+41175c0
BlackOps4.exe+11f58370,demo_cancelhighlightreelcreation,BlackOps4.exe+410c280
BlackOps4.exe+11f58340,demo_rebuildhighlightreeltimeline,BlackOps4.exe+410e4a0
BlackOps4.exe+11f58310,demo_regeneratehighlightreel,BlackOps4.exe+410e4f0
BlackOps4.exe+11f582e0,demo_capturesegmentthumbnail,BlackOps4.exe+410c300
BlackOps4.exe+11f582b0,demo_savescreenshot,BlackOps4.exe+4116db0
BlackOps4.exe+11f58280,demo_screenshot,BlackOps4.exe+4116f90
BlackOps4.exe+11f58250,demo_keyboard,BlackOps4.exe+410d3b0
BlackOps4.exe+11f58220,demo_switchtransition,BlackOps4.exe+4117900
BlackOps4.exe+11f581f0,demo_mergesegments,BlackOps4.exe+410d730
BlackOps4.exe+11f581c0,demo_cancelpreview,BlackOps4.exe+410c2c0
BlackOps4.exe+11f58190,demo_previewsegment,BlackOps4.exe+410e3c0
BlackOps4.exe+11f58160,demo_deletesegment,BlackOps4.exe+410c510
BlackOps4.exe+11f58130,demo_movesegment,BlackOps4.exe+410dd40
BlackOps4.exe+11f58100,demo_savesegment,BlackOps4.exe+4116e20
BlackOps4.exe+11f580d0,demo_saveanduploadclip,BlackOps4.exe+4116d80
BlackOps4.exe+11f580a0,demo_deleteclip,BlackOps4.exe+410c4c0
BlackOps4.exe+11f58070,demo_previewclip,BlackOps4.exe+410e390
BlackOps4.exe+11f58040,demo_pausecliprecord,BlackOps4.exe+410df80
BlackOps4.exe+11f58010,demo_startcliprecord,BlackOps4.exe+4117490
BlackOps4.exe+11f57fe0,demo_switchplayer,BlackOps4.exe+4117820
BlackOps4.exe+11f57fb0,demo_switchcamera,BlackOps4.exe+4117590
BlackOps4.exe+11f57f80,demo_toggledemohud,BlackOps4.exe+4117a60
BlackOps4.exe+11f57f50,demo_hidegamehud,BlackOps4.exe+410cd30
BlackOps4.exe+11f57f20,demo_togglegamehud,BlackOps4.exe+4117a90
BlackOps4.exe+11f57ef0,demo_timescale,BlackOps4.exe+41179d0
BlackOps4.exe+11f57ec0,demo_jumptostart,BlackOps4.exe+410d330
BlackOps4.exe+11f57e90,demo_back,BlackOps4.exe+410c1e0
BlackOps4.exe+11f57e60,demo_forward,BlackOps4.exe+410c9d0
BlackOps4.exe+11f57e30,demo_stop,BlackOps4.exe+4117550
BlackOps4.exe+11f57e00,demo_pause,BlackOps4.exe+410dfc0
BlackOps4.exe+11f57dd0,demo_play,BlackOps4.exe+410dfd0
BlackOps4.exe+8b23940,clearkeystates,BlackOps4.exe+3cd13a0
BlackOps4.exe+8b23910,shoutcastsetlisteninteam,BlackOps4.exe+286de80
BlackOps4.exe+8b238e0,shoutcastsetlistenin,BlackOps4.exe+286df00
BlackOps4.exe+8b238b0,shoutcastresetlistenin,BlackOps4.exe+286dad0
BlackOps4.exe+8b23880,shoutcastremovelistenin,BlackOps4.exe+286da10
BlackOps4.exe+8b23850,shoutcastaddlistenin,BlackOps4.exe+2854320
BlackOps4.exe+8b23820,sendinstantmessage,BlackOps4.exe+2ed22c0
BlackOps4.exe+8b237c0,snd_restart,BlackOps4.exe+3cde870
BlackOps4.exe+8b23760,vid_restart,BlackOps4.exe+3cde870
BlackOps4.exe+8b23700,reconnect,BlackOps4.exe+3cde870
BlackOps4.exe+8b236a0,disconnect,BlackOps4.exe+3cde870
BlackOps4.exe+8b23670,xshowgamercard,BlackOps4.exe+27e7c60
BlackOps4.exe+8b23640,allscenescaptured,BlackOps4.exe+27ebf20
BlackOps4.exe+8b23610,stopgfxcapture,BlackOps4.exe+28054d0
BlackOps4.exe+8b235e0,capturegfxframe,BlackOps4.exe+27ff470
BlackOps4.exe+8b235b0,startgfxcapture,BlackOps4.exe+2805270
BlackOps4.exe+8b23580,setupviewport,BlackOps4.exe+286e270
BlackOps4.exe+8b23550,setclientprimary,BlackOps4.exe+28560b0
BlackOps4.exe+8b23520,setclientnotbeingused,BlackOps4.exe+2856080
BlackOps4.exe+8b234f0,setclientbeingusedandactive,BlackOps4.exe+2855fe0
BlackOps4.exe+8b234c0,setclientbeingused,BlackOps4.exe+2855fc0
BlackOps4.exe+8b23490,setclientbeingusedandprimaryandactive,BlackOps4.exe+2856040
BlackOps4.exe+8b23460,setclientbeingusedandprimary,BlackOps4.exe+2856010
BlackOps4.exe+8b23430,disableallclients,BlackOps4.exe+2855f10
BlackOps4.exe+8b23400,disableallbutprimaryclients,BlackOps4.exe+2855ed0
BlackOps4.exe+8b233d0,selectstringtableentryindvar,BlackOps4.exe+3cdd320
BlackOps4.exe+8b233a0,togglemenu,BlackOps4.exe+28704b0
BlackOps4.exe+8b23370,showip,BlackOps4.exe+28701d0
BlackOps4.exe+8b23340,logo,BlackOps4.exe+286b6b0
BlackOps4.exe+8b23310,clientinfo,BlackOps4.exe+2855e30
BlackOps4.exe+8b232e0,configstrings,BlackOps4.exe+28560d0
BlackOps4.exe+8b23280,setenv,BlackOps4.exe+286df70
BlackOps4.exe+8b23250,refreshlastinput,BlackOps4.exe+286bc00
BlackOps4.exe+8b23220,selectbindings,BlackOps4.exe+285c060
BlackOps4.exe+8b231f0,defaultbindings,BlackOps4.exe+285c050
BlackOps4.exe+8b231c0,execcontrollerbindings,BlackOps4.exe+285c030
BlackOps4.exe+8b23190,xsignin,BlackOps4.exe+2870310
BlackOps4.exe+8b23160,xsigninguest,BlackOps4.exe+28702c0
BlackOps4.exe+8b23130,xsigninlive,BlackOps4.exe+28702e0
BlackOps4.exe+8882770,joinplayersessionbyxuid,BlackOps4.exe+27e7be0
BlackOps4.exe+8882740,join,BlackOps4.exe+27e7b50
BlackOps4.exe+8882710,ugcload,BlackOps4.exe+27e7ce0
BlackOps4.exe+8b23a30,ui_keyboard_cancel,BlackOps4.exe+3ccccf0
BlackOps4.exe+8b23a00,ui_keyboard_complete,BlackOps4.exe+3cccee0
BlackOps4.exe+8b239d0,chooseclass_hotkey,BlackOps4.exe+286b510
BlackOps4.exe+8b239a0,ui_browser_new,BlackOps4.exe+3ccaef0
BlackOps4.exe+8b23970,ui_keyboard_new,BlackOps4.exe+3cccf20
BlackOps4.exe+f9515c8,hash_452cdc22a41338c4,BlackOps4.exe+3cc6700
BlackOps4.exe+f951598,emblemsetposition,BlackOps4.exe+3cc6eb0
BlackOps4.exe+f951568,emblemrepeatbttnsloosefocus,BlackOps4.exe+3cc61d0
BlackOps4.exe+f951538,emblemrotaterightrepeatenabled,BlackOps4.exe+3cc64b0
BlackOps4.exe+f951508,emblemrotateleftrepeatenabled,BlackOps4.exe+3cc6440
BlackOps4.exe+f9514d8,emblemscaledownrepeatenabled,BlackOps4.exe+3cc6570
BlackOps4.exe+f9514a8,emblemscaleuprepeatenabled,BlackOps4.exe+3cc6660
BlackOps4.exe+f951478,emblemmoverightrepeatenabled,BlackOps4.exe+3cc5f00
BlackOps4.exe+f951448,emblemmoveleftrepeatenabled,BlackOps4.exe+3cc5e80
BlackOps4.exe+f951418,emblemmovedownrepeatenabled,BlackOps4.exe+3cc5a80
BlackOps4.exe+f9513e8,emblemmoveuprepeatenabled,BlackOps4.exe+3cc5f10
BlackOps4.exe+8a3e4e0,clear,BlackOps4.exe+282bba0
BlackOps4.exe+8a4fbe8,savebinds,BlackOps4.exe+2840ce0
BlackOps4.exe+8a4fb88,updatemusthavebindings,BlackOps4.exe+2841400
BlackOps4.exe+8a4fb58,bindlist,BlackOps4.exe+283e1d0
BlackOps4.exe+a82c7f0,testpreload,BlackOps4.exe+2eba2b0
BlackOps4.exe+a82c7c0,listallassets,BlackOps4.exe+2eb8950
BlackOps4.exe+a82c790,dumpimages,BlackOps4.exe+2eb6cf0
BlackOps4.exe+a82c760,dumpmodels,BlackOps4.exe+2eb6e30
BlackOps4.exe+a82c730,dumpmateriallist,BlackOps4.exe+2eb6d90
BlackOps4.exe+a82c700,listassetpool,BlackOps4.exe+2eb89b0
BlackOps4.exe+a82c6d0,listdefaultassets,BlackOps4.exe+2eb8ae0
BlackOps4.exe+a82c6a0,loadzone,BlackOps4.exe+2eb93b0
BlackOps4.exe+ed418e0,luiprintelementtree,BlackOps4.exe+399dda0
BlackOps4.exe+ed418b0,luidebugrestart,BlackOps4.exe+399dd90
BlackOps4.exe+ed41880,luidebugreload,BlackOps4.exe+399dd80
BlackOps4.exe+ed41850,runluapostdeploymentfunction,BlackOps4.exe+39b19d0
BlackOps4.exe+ed41820,luicollectgarbage,BlackOps4.exe+39a4320
BlackOps4.exe+ed417f0,luirefcountreport,BlackOps4.exe+39af1b0
BlackOps4.exe+ed417c0,luimemoryreport,BlackOps4.exe+39accf0
BlackOps4.exe+fc606e8,hash_276aa26b1d6dce95,BlackOps4.exe+3d34140
BlackOps4.exe+91534c8,touchfile,BlackOps4.exe+28b7c10
BlackOps4.exe+9153498,fullpath,BlackOps4.exe+28953d0
BlackOps4.exe+9153468,path,BlackOps4.exe+2895590
BlackOps4.exe+103895b8,snd_playlocal,BlackOps4.exe+4086930
BlackOps4.exe+956e650,dumpqos,BlackOps4.exe+2dd0e00
BlackOps4.exe+a837460,fakewhitelist,BlackOps4.exe+2ed1d00
BlackOps4.exe+e01b0a0,hash_6dc4db9bd585c404,BlackOps4.exe+38c25b0
BlackOps4.exe+d4bd8e8,answertotp,BlackOps4.exe+37d7470
BlackOps4.exe+d4bea60,hash_614e39e41a1d9246,BlackOps4.exe+37d8160
BlackOps4.exe+a8380d0,dwtesthash,BlackOps4.exe+2edfb50
BlackOps4.exe+a8380a0,dwprintaddrs,BlackOps4.exe+2ed50c0
BlackOps4.exe+d4beb28,fakedwdisconnect,BlackOps4.exe+37da330
BlackOps4.exe+fb46758,csv_stop,BlackOps4.exe+3d0d2a0
BlackOps4.exe+fb46728,csv_start,BlackOps4.exe+3d0d290
BlackOps4.exe+fb466f8,csvdumpassets,BlackOps4.exe+3d0d270
BlackOps4.exe+fb466c8,csvdumpstats,BlackOps4.exe+3d0d280
BlackOps4.exe+f9f90d8,if_mp,BlackOps4.exe+3cdf8d0
BlackOps4.exe+f9f90a8,spawndebug_user_badspawn,BlackOps4.exe+3cdf7b0
BlackOps4.exe+f9f9078,vote,BlackOps4.exe+3cdf7b0
BlackOps4.exe+f9f9048,callvote,BlackOps4.exe+3cdf7b0
BlackOps4.exe+f9f9018,where,BlackOps4.exe+3cdf7b0
BlackOps4.exe+f9f8fe8,tcc,BlackOps4.exe+3cdf7b0
BlackOps4.exe+f9f8fb8,loadside,BlackOps4.exe+3cdf7b0
BlackOps4.exe+f9f8f88,setcca,BlackOps4.exe+3cdf7b0
BlackOps4.exe+f9f8f58,mrp,BlackOps4.exe+3cdf7b0
BlackOps4.exe+f9f8f28,hash_8a94c07b550305e,BlackOps4.exe+3cdf7b0
BlackOps4.exe+f9f8ef8,followprev,BlackOps4.exe+3cdf7b0
BlackOps4.exe+f9f8ec8,follownext,BlackOps4.exe+3cdf7b0
BlackOps4.exe+f9f8e98,say_team,BlackOps4.exe+3cdf7b0
BlackOps4.exe+f9f8e68,dobjdumpbonecounts,BlackOps4.exe+3cdf060
BlackOps4.exe+f9f8e38,dobjdump,BlackOps4.exe+3cdf050
BlackOps4.exe+f9f8e08,say,BlackOps4.exe+3cdf7b0
BlackOps4.exe+f9f8dd8,wait,BlackOps4.exe+3ce0900
BlackOps4.exe+fc5ec20,gpadmapany,BlackOps4.exe+3d32140
BlackOps4.exe+fc5ebf0,gpadupdate,BlackOps4.exe+3d32880
BlackOps4.exe+8b3e2d0,con_hidelabel,BlackOps4.exe+2876510
BlackOps4.exe+8b3e2a0,con_showlabel,BlackOps4.exe+2876400
BlackOps4.exe+8b3e270,con_labellist,BlackOps4.exe+2876620
BlackOps4.exe+fa202c0,dvaraddconfigflag,BlackOps4.exe+3d06cd0
BlackOps4.exe+fa20290,reset,BlackOps4.exe+3d06f80
BlackOps4.exe+fa20260,setdvartotime,BlackOps4.exe+3d06fe0
BlackOps4.exe+fa20200,togglep,BlackOps4.exe+3d078d0
BlackOps4.exe+fa201d0,toggle,BlackOps4.exe+3d07c00
BlackOps4.exe+f4a8df0,hash_76ce41535785d7a3,BlackOps4.exe+3c3f7c0
BlackOps4.exe+fc66708,dumpdir,BlackOps4.exe+3d88020
