name,type
missionname2,STRING
tgraph_debugdrawpoints,INT
hash_f2d62a3e4bde802,BOOL
hash_135dec1a591c3c02,FLOAT
hash_7d1334d6b3894002,INT
demo_highlightreelnumberofsegments,INT
demo_pause,BOOL
hash_61d8f90d024ee003,FLOAT
hash_17ef26651da87803,BOOL
hash_23fac9a913e70c03,BOOL
ai_showpaths,INT
hash_5bbb90c70820c04,INT
hash_6cb029f7d2d66004,INT
lobbytimerstatusvotinginterval,INT
cg_drawlagometer,INT
runtime_time_scale,FLOAT
hash_6276f0a647192404,BOOL
groups_service_failure_backoff_time,INT
hash_3bcf609988df3005,FLOAT
hash_44d056db66d1ac05,BOOL
hash_366c3fb9fed41806,INT
live_companion_app_loadouts,BOOL
mm_keyframeusageanimindex,INT
cl_mouseaccel,STRING
r_scaleviewport,FLOAT
hash_780d7dfb514a0c06,BOOL
survey_count,INT
demo_bytespersecondmin,INT
r_fxaacontrastthreshold,FLOAT
player_proneminpitchdiff,FLOAT
hash_5d89ce89962be009,INT
hash_7dc450000c35a809,INT
r_fogcolor,FLOAT_3
bg_uset7melee,BOOL
r_lockpvsincode,BOOL
fx_mark_profile,INT
arena_enablearenachallenges,BOOL
sv_savegameskipto,STRING
hash_6ab5d12c30b3c00c,BOOL
hash_7ddc61194a7e2c0c,INT
hash_2872d2b12241500c,FLOAT
fx_marks_draw,BOOL
hash_110c25b8b7157c0d,INT
r_adsbloomdownsample,BOOL
com_version,STRING
hash_6d5a49354d02940d,BOOL
hash_28ef2c7316b0ec0e,INT
sv_maxrate,INT
hash_645494e5865d80f,INT
hash_799d70a49cc79c0f,INT
fshrecentsxuid,INT64
hash_180a44908ef87410,INT
hash_752a86b722c34c11,STRING
hash_4617c9f9dd8bec12,STRING
hash_2c7d61110805ac12,FLOAT
ui_execdemo_gamescom_host,BOOL
debug_mover,INT
cl_gamepadcheatsenabled,BOOL
scr_requiredmapaspectratio,FLOAT
join_completionwindow,INT
hash_799c50ddb80a814,BOOL
hash_5078fd556cc6ec14,FLOAT
hash_6b7fe7f496ee6414,BOOL
bot_enemies,INT
r_flame_allowed,BOOL
hash_15cc67f258354c17,BOOL
r_fogsuncolor,FLOAT_3
hash_63bc7817ba2b7c17,INT
nodw,BOOL
migration_msgtimeout,INT
pckit,INT
ui_lobbydebugbasex,FLOAT
live_autoeventpumpdelay,INT
hash_3c98d9389a7bec1a,BOOL
mlg_audio_volume,STRING
hash_4a8cf37dd4fd801b,STRING
hash_12b30cf0e53ee41b,BOOL
tabbedmultiitempickup,BOOL
ui_playlogomovie,BOOL
hash_1b94214fc9fe341c,FLOAT
hash_7de35bd9be74881c,BOOL
tu11_ignoreitemswithplevel100inisitemlockedforchallenge,BOOL
ui_lobbydebugclients,INT
tgraph_debugdrawpointnavface,BOOL
fshretrydelay,INT
cg_thirdpersonmode,ENUM
g_debugdamage,BOOL
hash_76c53836c456ec20,STRING
scr_team_teamkillerplaylistbanpenalty,INT
hash_2ca0ee3ad2520820,BOOL
hash_592c45461a52c420,INT
r_watersheetingfx_enable,BOOL
r_viewmodelsunshadowresolution,ENUM
bg_watergravity,FLOAT
loot_tier_skips_enabled,BOOL
hash_28980a96c2a6f421,INT
hash_75d2dec63f4c6821,FLOAT
perk_gpsjammer_min_distance,INT
tu18_removeoutdateddlc,BOOL
hash_777e610875906022,STRING
scr_weapon_allowrpgs,INT
hash_2cbb753af4304c23,FLOAT
hash_30076a8d362ea423,FLOAT
hash_2256eb6ee9235423,BOOL
hash_65ace5f4e5f09824,STRING
probation_league_kickscalar,FLOAT
r_stereo3don,BOOL
hash_15067d60b9c88024,INT
livevoteerrorbackoff,INT
live_friends_update_interval,INT
r_dedicatedplayershadowcullangle,INT
hash_6a56a9c383009025,STRING
hash_7ec68a661188c826,FLOAT
hash_9d2d96dd9f52426,BOOL
hash_50c636b462826c27,BOOL
migration_timebetween,INT
hash_38bc2986f499e427,BOOL
hash_394141aabb847427,FLOAT
hash_7e811e91dc23f027,FLOAT
welcome_shown,STRING
net_emu_jitter,INT
hash_77df33b965fdfc29,BOOL
hash_4b2daea693808029,BOOL
path_alwaysfindnearestnode,BOOL
cg_focallength,FLOAT
hash_73741541de314c2a,STRING
hash_153b5e52d1c5502a,BOOL
hash_71c83c841914b02b,STRING
qospreferredping,INT
hash_23a1d3a9139af42b,BOOL
bot_friends,INT
hash_b06ec645eb38c2c,BOOL
hash_7f5ab131ab1cac2d,STRING
loot_tier_discount3_active,STRING
hash_46b8fe30d87aec2e,BOOL
debug_show_viewpos,INT
ai_secondarythreats,BOOL
hash_11b531840d6e082f,BOOL
hash_7696cfc1a1b99c30,BOOL
hash_73cb34489d319c30,BOOL
fx_profile,INT
hash_1396b7829c6b8831,INT
hash_798ce895be7c031,FLOAT
perk_killstreakreduction,INT
lobbysearchgeo2,INT64
hash_4c63a0806012e032,BOOL
contracts_enabled_cwl,STRING
lobbysearchpingbandweight1,FLOAT
r_vsync,BOOL
slide_cameraclamp,INT
hash_6ad570a2b8a64034,STRING
hash_3168b1098a7f8834,INT
cg_thirdpersonfocusdist,FLOAT
gpad_button_lstick_deflect_max,STRING
hash_7568be86e0379835,BOOL
hash_2870b1a1898cf435,BOOL
hash_19849f493668e836,BOOL
net_socksusername,STRING
arena_minhostskillrange,INT
probation_public_forgivecount,INT
r_lodbiasrigid,FLOAT
hash_4b228ac65daa6838,STRING
demo_streamingsendsocketbuffsizeforrecording,INT
ui_cacmultiperkexploitpatch,INT
cg_weaponbuttvictimcamerashakescale,FLOAT
r_ev_width,FLOAT
hash_62369aabb30dfc3a,BOOL
hash_58c6b60ff477b83b,BOOL
m_mouseadspitchmultiplier,FLOAT
hash_10956c9a593b283c,STRING
hash_65de4d7380ffc3c,INT
net_ip,STRING
probation_league_quitscalar,FLOAT
dwfilefetchtrymaxattempts,INT
hash_47850567865df03d,FLOAT
hash_87850c4c80de83d,FLOAT_3
hash_900627dfe4ebc3e,INT
zm_active_event_calling,STRING
hash_6ace0ce0720e5c3f,BOOL
hash_365ba1922372483f,BOOL
hash_6877d897496bc40,INT
phys_gravity_dir,FLOAT_3
hash_6aad986495699040,BOOL
cg_thirdpersonrange,FLOAT
hash_65b9fd4054e0c441,BOOL
hash_6b991e00181ac843,BOOL
com_smoothframes,BOOL
stat_version,INT
hash_16d0fbdfc4bc1c44,STRING
hash_4df60941ef52b444,STRING
hash_50741915a1fbb444,BOOL
hash_699435a170bc8445,INT
cg_hudmapfriendlyheight,FLOAT
hash_1c178da67e5b1c46,STRING
hash_2e9afda8bcc9bc47,BOOL
online_gate,INT
hash_272a6beb9e3ac48,STRING
demo_freecamerauseheliheightlockasceiling,BOOL
hash_1457f31b4a8e7848,INT
voice_inputdevice,STRING
hash_205f15191c599449,STRING
ui_lastserverrefresh_4,STRING
compassobjectiveiconwidth,FLOAT
ui_tu11_splitscreen_scoreboard_snap_check,BOOL
hash_6cff679b7a1c344a,BOOL
sv_referencediwdnames,STRING
slam_blur_enabled,BOOL
hash_36dc784dd311004a,BOOL
wind_grass_gust_distance,FLOAT
player_view_pitch_down,FLOAT
lobby_ptptimeout,INT
hash_76e5c00f784a8c4b,FLOAT
cg_disableplayernames,BOOL
hash_2b8df9474ff8544b,FLOAT
allowhost_matcheshostedratio,FLOAT
lobbymergeinterval,INT
hash_1419d338c0dc384c,BOOL
hash_4bd589d749e3244c,INT
hash_6495b561956c904c,BOOL
ui_lobbydebugagreementloc,FLOAT_2
r_dedicatedshadowsumbra,BOOL
mp_blackjack_consumable_wait,FLOAT
bg_prone_yawcap,FLOAT
groups_admins_refresh_time,INT
r_adsworldfocaldistancemin,FLOAT
hash_6be13ddbaf0dec4e,INT
hash_663252b1ac3cd44f,BOOL
inventory_itemsperpage,INT
r_atmosphereextinctionstrength,FLOAT
hash_32d5f9372ba23051,INT
hash_61744101d77bd851,FLOAT
hash_5664bb9afb45c052,INT
hash_4504e380f2438452,INT
ui_autocontinue,BOOL
hash_da55c6d97d1dc52,BOOL
ui_heatmapcolorforplayer,COLOR
hash_28b9ec38ba558453,FLOAT
live_useumbrella,BOOL
hash_11b1aa822b384853,BOOL
gadget_force_slots,BOOL
arena_minplaytime,INT
hash_484612a0fff69054,BOOL
cg_drawfps,ENUM
hash_21f1eb99cec2855,FLOAT
hash_19f350e474489456,STRING
ui_lobbydebugplatformsessionloc,FLOAT_2
hash_2082cd0effb71856,BOOL
hash_4966f2de93add857,BOOL
disablehost_matchesplayedratio,FLOAT
r_forcelod,ENUM
hash_6a607d6d5a3cfc58,BOOL
lobbyadvertisegeo2,INT64
r_skyrotation,FLOAT
hash_ed0e094d836c45a,INT
hash_50a227017683285b,BOOL
lobby_ingamepsdatastreamingbw,INT
hash_e375acfd6dfa85b,BOOL
hash_500b40d9e4e5185c,INT
partyprivacypumpenabled,BOOL
cg_drawtalk,ENUM
r_catseyeblurtint,FLOAT_3
r_enableplayershadow,BOOL
lootcasexpmin,INT
addmappackflagsuserinfo,BOOL
hash_65d1fbe0aa10cc5e,FLOAT
r_tilinglightcount,ENUM
maxvoicepacketsperframe,INT
fileshare_tier,INT
hash_111befeb2fb6c05f,BOOL
player_laststandsuicidedelay,FLOAT
bot_maxfree,INT
hash_4cde2aaac0f41461,BOOL
fshsummarydelay,INT
r_ev_targetwidth,FLOAT
hash_41bc2cd6d5ffe061,BOOL
wind_leaf_scale,FLOAT
scr_contract_debug,STRING
hash_7dc2e4c6eddb0062,STRING
scr_game_difficulty,INT
hash_2026ceeee32a2c62,BOOL
cg_aggressivecullradius,FLOAT
hash_7d1360ddc3b4f062,BOOL
hash_71b240bc1e7a8063,INT
r_maxpomsamples,INT
hash_14b2f4fd3cf5f063,BOOL
hash_142675b0b256a863,FLOAT
hash_203617f20591cc64,BOOL
r_fogbaseheight,FLOAT
hash_ba6e12c10776864,BOOL
splitscreen_playercount,INT
scr_hardpoint_allowradar,INT
hash_9a4d5d582ea4065,FLOAT_4
hash_537810b7012f1465,INT
hash_79b24b2d501fc865,FLOAT
counterdownloadinterval,INT
lobbysearchdatacentertype,INT
hash_618840b37cc73c66,BOOL
hash_6a0d01e000d71466,INT
hash_66d564a58a7ca866,FLOAT
hash_2cb011846bb70467,BOOL
cg_weaponbuttvictimcamerashakeduration,INT
cg_thirdpersoncamlerpscale,FLOAT
hash_77b6741f7b989c69,INT
bg_viewkickrecovertimeads,INT
skill_onboardingexit,FLOAT
hash_5299747874fabc6a,BOOL
r_motionvectorstaticcomputeasync,BOOL
ui_useloadingmovie,BOOL
hash_19886d5b6784206b,BOOL
scr_team_teamkillerplaylistbanquantum,INT
hash_2f69996aae25446c,INT
talentstartdelay,INT
tu11_matchmakingprioritympignoretime,INT
hash_735fb426778ae86d,BOOL
hash_3cb9e5b603af946d,INT
player_name,STRING
cp_queued_level,STRING
profilegetinterval,INT
hash_37fbd336335c686f,INT
traverse_mode,INT
player_usetouchscore,FLOAT
lobbysearchpingband,INT
perk_deathstreakcountrequired,INT
probation_public_warningthreshold,FLOAT
r_newlensflares,BOOL
hash_4ec50cedeed64871,FLOAT
hkai_timertestactive,BOOL
hash_137c8b2b96ac6c72,FLOAT
zombie_devgui,STRING
m_mouseadsusemonitordistance,BOOL
hash_167981552d919873,BOOL
hash_497642044cfae073,FLOAT
hash_1a8e4d68b803874,STRING
emblemversion,INT
hash_34f00adb7d10075,INT
hash_254c50d45dcf475,INT
hash_11f29f83c0a1f075,BOOL
hash_350134d861b72076,BOOL
hash_72b49c5c32022076,BOOL
winvoice_mic_scaler,FLOAT
hash_4fae2ae4120ad077,INT
r_lockframerateto30hz_dynresoff,BOOL
g_teamname_axis,STRING
lobbymigrate_testinterval,INT
hash_2b6bb803e8bb6c78,BOOL
live_username,STRING
m_mouseadspitchmultiplierhighzoom,FLOAT
ui_lobbydebugvoicehostloc,FLOAT_2
hash_40633301c3714879,STRING
flaredisableeffects,BOOL
r_filmisomax,FLOAT
tu10_clearweapnextheldinputonswitchweaponcmd,BOOL
loot_burnbatchsize,INT
m_mouseadsyawmultiplier,FLOAT
r_catseyereset,BOOL
hash_408637ddbf1ce47c,BOOL
hash_3ec4f617fad5b87c,INT
hash_46d1131228da307d,BOOL
r_tilingsunshadow,ENUM
r_autolodcullradius,FLOAT
hash_48b065ab1671747f,STRING
hash_62faae017c96cc80,STRING
bg_shieldhitencodewidthworld,FLOAT_2
groupcountsvisible,BOOL
hash_4532e8a437144c83,INT
fileshare_enabled,BOOL
hash_608e7bb0e9517884,FLOAT
perk_tracker_fx_foot_height,FLOAT
hash_2865ef81b356f084,BOOL
hash_430ce6737e204085,BOOL
path_boundsfudge,FLOAT
hash_4c8bb1d4a940dc85,BOOL
net_socksserver,STRING
hash_538bdd75c9e2ac86,BOOL
hash_7687d6ef65ef0c86,BOOL
sv_potm_debug,INT
com_fixedtime_float,FLOAT
perk_sgjammer_min_distance,INT
forceliveevent,STRING
lobbysearchdelay,INT
hash_1d939edb52f7308a,FLOAT
juke_enabled,BOOL
hash_4e1190045ef3588b,STRING
hash_29ac3b8f28a5d08c,FLOAT
hash_425818664c11bc8c,BOOL
lobbymigrate_nomineerecalcinterval,INT
demo_svbandwidthlimitthrottletimeout,INT
hash_1522d365e2d9088e,STRING
loot_enableblackmarket,BOOL
phys_wind_vehicle_scale,FLOAT
hash_2a68dfefca4c188f,STRING
ui_lobbydebugprivatehostsessionclientlistloc,FLOAT_2
r_foveaacuitycolormin,FLOAT
oobnotifies_enabled,BOOL
scr_rampagebonusscale,FLOAT
hash_1198ad99e2c2b492,INT
hash_71c6df566d28c492,BOOL
lobby_clientloadingintouicheck,BOOL
hash_5b9ffb659d9e0093,FLOAT
hash_73781fccb0520c93,BOOL
hash_1439f58950845893,FLOAT
remainingdays,INT
hash_27227661f95c8894,STRING
r_forceadapter,INT
ai_debuganimscripted,INT
hash_15fce0f7071c3495,STRING
hash_60defd1cfc9d3495,STRING
arena_enablelistenhosting,BOOL
hash_43fe27bae92b9095,BOOL
sv_mapname,STRING
hash_6e7acd03ec83bc96,INT
hash_5a17cbe9e72f8096,INT
hash_5749e2b743ab4c96,BOOL
hash_430aa5d3e908ac97,INT
live_friends_enabled,BOOL
cg_drawmaterialimagename,STRING
hash_59cc34af67f18497,INT
hash_6418fcb2a75fd098,BOOL
sv_connectionlogprobability,FLOAT
m_mouseadssensitivitycoef,FLOAT
wind_grass_gustinterval,FLOAT
bg_grenademinimumthrowbacktime,INT
enable_camo_materials_tab,BOOL
hash_1fe9c1c0165aec9a,BOOL
hash_15adfab318d2149a,STRING
hash_2cc9b0ef1896d89a,BOOL
hash_6eb5322367a249b,BOOL
tm_failsthreshold,INT
debug_anim_shared,STRING
lobby_clientendfakesendloss,BOOL
hash_20e4b7918e1de89c,FLOAT
hash_48f8ddba4027549c,FLOAT
hash_4b448a7efa2d209d,INT
hash_4a9e56f572397c9d,FLOAT
r_texturemode,STRING
lobbymigrate_enabled,BOOL
hash_2b95ed75282c2c9e,FLOAT
hash_7c6a06ee71dea89e,FLOAT
hash_64bcd649b3ffa49f,INT
demo_downloadentirefile,BOOL
r_picmip,INT
sv_mapswitch,INT
livevotetaskdelay,INT
hash_e2ad63f904700a1,BOOL
demo_debug,INT
hash_232e1653fb5534a2,BOOL
fx_vismintracedist,FLOAT
lobbydebuglogjoinsuccess,BOOL
bg_lowgravity,FLOAT
demo_svbandwidthlimitthrottlemaxbytespercent,FLOAT
demo_ingamethrottlebandwidthpercent,FLOAT
hash_23bd90fbd77800a4,FLOAT
lobby_matchmakingloggingchance,FLOAT
lobbymigrate_considerstreamingforhostmigration,BOOL
cg_relative_ads_fov,BOOL
hash_1ac2b01944575ca6,BOOL
bg_bulletpenetrationtreatvoidsassolid,INT
hash_41f41d9ce8fd84a7,STRING
hash_1445ea89e8b740a7,STRING
party_autoteams,BOOL
totalsampleratesurvey,FLOAT
r_aberrationfx_enable,BOOL
hash_2b4463d68c86a8a7,INT
hash_9c11f615f9b74a8,BOOL
hash_3da5a276076878a9,FLOAT
lobbymergeenabled,BOOL
hash_47f756458a0930aa,BOOL
hash_752a84b722c348ab,STRING
hash_2fd68db02931d8ab,BOOL
hash_2d70d36bcb67bcab,BOOL
hash_2c7d5f110805a8ac,FLOAT
lobbytimerstatusvotinginterval_arena,INT
groups_quickjoin_players_refresh_time,INT
compassdrawlaststandicon,BOOL
hash_1b5b9b5fb6045cae,BOOL
player_meleelungeacceleration,FLOAT
statslocationfatal,BOOL
loottiermax,INT
r_tilinghighlight,BOOL
hash_314cb33c2b4fecaf,BOOL
hash_43b2b91f7c4f64af,BOOL
hash_28c3b6cc707d38af,BOOL
lobbysearchskipdlcprobability,FLOAT
hash_4fd417899fd29cb0,ENUM
disable_rope,BOOL
slide_blur_enabled,BOOL
hash_1286bcb6b30f88b1,STRING
hash_5b8cdaa1268db8b1,INT
r_gpucullingdisabledepthtest,BOOL
demo_recordprivatematch,BOOL
r_backbuffercount,INT
hash_83577689a2e58b3,INT
r_fancycam_angles,FLOAT_3
hash_73ba61ea58f850b3,INT
hash_581e172f49074cb3,BOOL
ui_lobbydebugdwsessionloc,FLOAT_2
hash_44212d34a30e10b4,BOOL
hash_4c4ab160f43c40b4,FLOAT
hash_6a8dc19ef25a78b4,FLOAT
hash_99bfceebd3350b4,INT
bg_viewkickscaleads,FLOAT
lobbymigrate_wirelesslatencyincrease,FLOAT
r_catseyeblur,FLOAT
r_cachedspotshadowcopymode,ENUM
hash_5f8a9e08c61ba8b6,BOOL
hash_52550bec5ec14cb7,INT
demo_viewtracemask,INT
r_atmospherehazecolor,FLOAT_3
r_splitscreenexpandfull,BOOL
bg_limitgrenadeimpacts,BOOL
hash_15fba4abe8704cb8,BOOL
reliableresendtime,INT
hash_55671ea7f83eb4b9,BOOL
hash_64a03ce96aabe0ba,STRING
hash_50ff88aa013ff0ba,FLOAT
r_radioactivespeed,FLOAT
hash_150fb25f071d6cbb,STRING
arena_day_overwrite,FLOAT
dynent_small_cylinder_dimension,FLOAT
r_catseyedistortion,FLOAT_2
hash_14fbb97fa7288cbc,BOOL
wind_global_low_strength_percent,FLOAT
player_pronelaststandfreemove,BOOL
playlist_linearmapcycle,BOOL
lobbytimerstatusbegininterval,INT
hash_50fb9602d91314be,FLOAT
hash_5e0c6772ce1b8cbf,FLOAT
cg_thirdpersonroll,FLOAT
ui_disablepscontrolwidgets,BOOL
g_allowlaststandforactiveclients,BOOL
demo_highlightreelgameresultfilter,INT
loc_availablelanguages,STRING
hash_512cc81436cecc1,FLOAT
hash_cac3f0b5fd62cc1,INT
probation_public_quitscalar,FLOAT
loottiermin,INT
hash_261b37b5cd0c5cc1,BOOL
hash_19f5a124be1cacc1,BOOL
g_avoidenabled,BOOL
hash_458b7794830ee0c1,BOOL
hash_47eeafd1ec28c4c2,BOOL
demo_drawdebuginformation,INT
hash_1788f2e1ae9c2cc3,STRING
hash_49d9f4f1877e2cc3,STRING
hash_32a5a518f61088c3,BOOL
hash_6555929a70285cc3,FLOAT
hash_a88a2fa0aaedcc4,BOOL
g_teamname_allies,STRING
arena_qosbrodenskillstep,INT
hash_134d436b95c358c5,INT
bot_maxaxis,INT
aim_target_closest_first,BOOL
arena_lobbyreloadsearchdelaymin,INT
hash_2a58b3ae6de7cc7,INT
com_pausesupported,BOOL
m_mousesensitivity,FLOAT
hash_6ad036f91c455cc7,INT
hash_400fb1611bbd20c8,STRING
lobbylaunch_waitforclientackdelay,INT
fs_usedevdir,BOOL
cl_packetdup,INT
hash_74823ae18d5e4cc9,BOOL
ui_lobbydebuglobbytasksloc,FLOAT_2
hash_1752f4efa9abdcca,INT
sv_generateconstbaselines,STRING
lobbysearchdediunparkpinglimit,INT
lobbysearchshowinmatchmaking,INT
hash_3d5c9eb78e4bf8cb,BOOL
wz_offline,STRING
hash_46009edd5032b8cc,FLOAT
cg_viewvehicleinfluencegunner,FLOAT_3
hash_1ece47bab90d58ce,INT64
perk_flakjacket,FLOAT
bg_disableweaponplantinggroundtrace,BOOL
hash_1f2d05a2f2a0f8ce,BOOL
hash_6703942c03d5a8ce,BOOL
inventory_blocking,BOOL
demo_livestreaming,BOOL
r_fogopacity,FLOAT
hash_32925885ba2bc0cf,INT
hash_ca347dda0168cf,BOOL
ct_gate,INT
hash_4c73918a7199c4d0,INT
demo_maxtimescale,FLOAT
adszerospread,BOOL
hash_334540b72330f0d0,FLOAT
lobbysearchpingbandenabled,BOOL
hash_5a03a381725cacd1,INT
hash_72e33d407326ecd2,INT
qoslocklessqueue,BOOL
demo_packetspersecondmax,INT
hash_34c5de346c0f9cd3,INT
tu4_burnduplicates,STRING
sv_privateclients,INT
r_circlemaskradius,FLOAT
r_lightingspotomnishadowmaxquality,ENUM
hash_c40067a8113ecd5,BOOL
hash_48b248411af0acd5,BOOL
live_social_quickjoin_cache,BOOL
lobbysearchforceunparklobbysize,INT
r_flamefx_magnitude,FLOAT
hash_45149d28790684d6,FLOAT
r_dedicatedplayershadow,ENUM
hash_43d6becca13988d6,BOOL
player_usewaterwadescale,BOOL
hud_healthoverlay_pulsestart,FLOAT
r_omnishadowres,INT
hash_14ba2c18a04888d7,BOOL
hash_7dccfb95a022e8d8,STRING
scr_weapon_allowflash,INT
m_mouseacceleration,FLOAT
ui_lobbydebugsessionsqj,BOOL
gadgetpoweroverridefactor,FLOAT
hash_17403611059738da,INT
lobbysearchgeo2weight,FLOAT
live_friends_batch_size,INT
hash_3f1de3cef5a9e0db,INT
hash_c638c4b7049d4db,STRING
doautoexecuserconfig,BOOL
hash_65ed61e1eca90db,BOOL
hash_17efd24bedd14cdb,BOOL
r_fancycam_enable,INT
hash_41a0e20832e510dc,FLOAT
hash_49e4eb58b5a8c4dd,BOOL
hash_f30ae050d996cde,BOOL
hash_5670de23bda284de,FLOAT
hash_4fe8230331ae28de,ENUM
hash_12b101fda81898de,BOOL
tm_tasktrackeron,BOOL
sv_zlib_threshold,INT
r_spotshadowres,INT
hash_40094bd3441364e0,BOOL
hash_79a780e547fefce1,INT
hash_6a22813e65b970e1,BOOL
hash_113c416d28fd0ce2,BOOL
hash_4c799d8a719e44e2,INT
hash_1d7fa96f03d20e2,INT
hash_388535a8640704e2,BOOL
hash_157e9f2fddf148e2,INT
r_sceneresolutionmultiplier,INT
sv_penetrationcount,INT
tu2_catchmissingrbendframe,STRING
hash_79292f8378b84e6,STRING
hash_119a24c5d2b76ce6,FLOAT
probation_public_enabled,BOOL
hash_594f161cf5cb40e7,INT
scr_hardpoint_allowdogs,INT
arena_defaultplaylist,INT
arena_lobbyreloadsearchdelaymax,INT
sv_keywords,STRING
hash_632261e3333dc0e9,BOOL
hash_fb03ec0007090e9,INT
hash_2907fdc59bf254e9,FLOAT
playlist_linearmapcyclerandom,BOOL
lobbyadvertiseteamsizemax,INT
hash_533061ecd157d4ea,STRING
hash_5c5320c1b5e6b0ea,STRING
weapon_contract_target_value,INT
hash_502cb0e566ad20ea,FLOAT
ui_lobbydebugvis,INT
hash_37c45c12b7b118eb,BOOL
hash_884bf048072e4eb,INT
cg_hudmapplayerheight,FLOAT
ui_mousepitch,STRING
r_fogbasedist,FLOAT
r_postfxwobble,BOOL
winvoice_mic_mute,BOOL
loot_tier_discount3_bundle,STRING
ui_busyblockingamemenu,INT
hash_162f2c08d8b674ec,INT
tgraph_debugvismappointid,INT
ai_scalesightupdatelatency,BOOL
cl_bitfieldmismatchfatal,BOOL
totalsamplerateblackbox,FLOAT
hash_48a9bdd0c058a4ed,FLOAT
r_aspectratio,ENUM
hash_43717280944080ee,BOOL
inventory_retry_max,INT
skill_teambeta,FLOAT
hash_4efb61b3de09fcf0,INT
tquery_drawquery,STRING
hash_52a4767bd6da84f1,BOOL
hash_3254329d39b02cf1,INT
hash_65635559ca4edcf1,FLOAT
hash_64321f767ccadcf3,STRING
hash_24f216074967e0f3,BOOL
sprint_allowrestore,BOOL
hash_7812f2eed3017cf4,BOOL
r_updatetonemaplut,BOOL
trm_enabled,BOOL
director_gate,INT
hash_2adce43a413988f5,INT
enable_retail_incentive,STRING
hash_14a9d356665724f6,BOOL
probation_league_dashboardscalar,FLOAT
contracts_enabled_mp,BOOL
hash_53bdddef66e9e0f6,BOOL
hash_5cab61f7aa333cf6,BOOL
netchan_debugspew,BOOL
live_supports_paragon_wz,BOOL
r_filmisomin,FLOAT
hash_4741ecc3b3af50f8,BOOL
hash_131b12f5b3ef14f9,FLOAT
hash_486196dc447418f9,BOOL
hash_1617d304debbb4f9,INT64
ui_timescale,FLOAT
hash_2538940d80bcc4f9,INT
debug_audio,INT
hash_211a0d7f1fd46cfa,BOOL
g_customteamname_axis,STRING
waitonstatstimeout,INT
motd_enabled,BOOL
hash_2176f617bfdd08fb,BOOL
aim_slowdown_enabled,BOOL
hash_fe603cf8ccff4fc,INT
r_ev_rate,FLOAT
hash_11ada0f82d12a8fd,FLOAT
ai_tacticalinfluencersdebug,INT
hash_48b06aab16717cfe,STRING
lobbyadvertisenumplayers,INT
hash_5b6312f1a14768fe,FLOAT
r_graphiccontentblur,BOOL
r_oit,BOOL
hash_9a4d3d582ea3cff,FLOAT_4
hash_15909cf2a6d2c500,BOOL
hash_600673407aa19900,INT
ui_blocksaves,BOOL
ui_errormessage,STRING
hash_572e0bb69f3dc902,STRING
r_ignorehwgamma,BOOL
waterbrush_entity,INT
enableemblempcacheforwarzone,BOOL
hash_4e40a7d7c4d4e103,FLOAT
hash_7b8b5e3835167103,BOOL
scr_killcam,INT
hash_7a8002c4fb677903,BOOL
perk_tracker_fx_fly_height,FLOAT
loot_taskwindow,INT
live_presence_platform,INT
r_litfog_bank_select,INT
r_ev_testenable,BOOL
hash_4e8266708e295d05,BOOL
hash_3c4decc3c233c906,STRING
lobbysearchdatacentertypeoverride,INT
r_texfilterquality,INT
hash_6021e05198b42d06,BOOL
hash_2c585b5f60878907,INT
hash_1e0c3713474e7507,BOOL
hash_1801d5b7533a1507,INT
cl_smoothsnapinterval,INT
hash_ab102e4b97b7908,BOOL
com_widescreen,BOOL
bot_allowherogadgets,BOOL
hash_2901173e927a0909,FLOAT
live_pubsemaphorejitterseconds,INT
ui_lobbydebugprivatehostsessionloc,FLOAT_2
lobbysearchserverlocation1,INT
cg_scorescolor_gamertag_2,COLOR
player_freefall,BOOL
hash_2978e801316cb10b,STRING
disablehost_matcheshostedratio,FLOAT
hash_7997c7355a47550c,FLOAT
hash_48f4b5bdfeb71d0c,BOOL
contract_monitor_time_played_disabled,STRING
debug_crash_type,INT
arena_qosskillstart,INT
probation_public_probationthreshold,FLOAT
lobbymsg_prints,BOOL
phys_player_step_on_actors,BOOL
r_chaserfx_enable,BOOL
cl_freelook,BOOL
lobbysearchmappacks,INT
hash_4be00dff75454510,STRING
goodping,INT
hash_2f69b2ef97f2d910,BOOL
inventory_fetch_cooloff,INT
hash_267f0440876bc911,BOOL
hash_1a4ebd1438b32d12,STRING
hash_22c48e035229d912,INT
hash_22cd504060da0d12,BOOL
hash_d8e5dd5ca573112,BOOL
hash_3cf5d6cbf72fe913,BOOL
hash_7e98ed5baebb0913,FLOAT
hash_62474b4611fed113,INT
r_usestrict30hzconditions,BOOL
hash_1ee60211f7b1f914,INT
gadgetthiefshutdownfullcharge,BOOL
ui_lobbydebugtransitionclientsessionloc,FLOAT_2
enable_weapon_contract,BOOL
inventory_retry_delay,INT
hash_56b51b647a65a916,BOOL
hash_3aba86ed113b0d17,BOOL
hash_3b8df77c64fa6117,INT
hash_3cb5a4a4ff50a917,INT
sv_hostname,STRING
hash_6dbccd7bfeb7f918,BOOL
hash_29e281e55a8dcd19,STRING
missionname1,STRING
hash_1a1856a01a39919,FLOAT
hash_66c2055393b7851a,STRING
lobbyadvertisemap,INT
hash_11c42fbaf8ab311a,STRING
playlist_autoeventsenabled,BOOL
hash_4554eea437313d1b,INT
r_fxaasubpixelremoval,FLOAT
hash_72642ac141d2411d,STRING
hash_105e0a027884a11d,INT
com_profileloadingforcesend,BOOL
hash_464823fbbf00e91e,STRING
demo_summaryreadenabled,BOOL
lobby_enablepsdatastreamingingame,BOOL
scr_disablestattracking,BOOL
net_sockspassword,STRING
hash_182527aacc15e520,BOOL
lobbysearchskip,BOOL
hash_7d133488b6042920,INT
keyarchivewritedelay,INT
hash_3d9919379a615120,INT
r_atmospherehazedensity,FLOAT
hash_7abea22156d9a521,STRING
live_pubsemaphorecheckintervalseconds,INT
hash_2d1c33f52b905121,BOOL
bandwidth_retry_interval,INT
upload_bps_perplayer,INT
hash_1b6c0ae2f1eb9922,BOOL
bg_useclientdamagekick,BOOL
hash_2781206c11c8b523,INT
cl_voice,BOOL
hash_5b2903f0cdc2c124,BOOL
hash_6d8494547e990924,BOOL
hash_7444f5e7d3121d24,INT
ui_lobbydebuggamehostsessionloc,FLOAT_2
hash_4270321548ab2125,FLOAT
hash_2348876d6b5c5125,BOOL
weaponrest_enabled,BOOL
ui_lobbydebugprivateclientsessionclientlistloc,FLOAT_2
qos_firstupdatems,INT
hash_471210b882b4e126,INT
cg_drawcrosshairnames,BOOL
hash_7cb0ccb76f22b527,INT
hash_1faf3c23060b5927,FLOAT
cg_thirdpersonangle,FLOAT
r_lightingsunshadowdisabledynamicdraw,BOOL
hash_5ff4a3dc4dcc5927,BOOL
lobbysearchgeomin,INT
cg_drawonlyfriendlyplayernameswhileinvehicle,BOOL
hash_6632408a96c14928,BOOL
hash_7dffcfc751e3d128,FLOAT_2
r_lodscalerigid,FLOAT
demo_bytespersecondmax,INT
hash_afc9fde5207f929,FLOAT
loot_burnminultrarequired,INT
r_worldfogskysize,FLOAT
r_atmospherehazefadedist,FLOAT
tu9_skipperlocalclientallocation,BOOL
hash_10d2de475a96b92b,BOOL
r_eacpath_posn,FLOAT_4
tgraph_debugtargetpointid,INT
hash_35a18d4aadb9012c,INT
hash_64e85050ae62c12c,FLOAT
hash_42c0875c1dbe952d,BOOL
tm_currenterrorpage,INT
cg_drawframeperformancewarnings,INT
bg_aqsstyle,INT
hash_19118694b8022530,STRING
demo_enabled,BOOL
sv_rateboosting,INT
hash_3e332ca51fc68532,BOOL
hash_35d9cdeecb132532,BOOL
hash_5f2ca8473fe83d33,STRING
lobbycpzmtimerstartinterval,INT
fshthrottleenabled,BOOL
cg_fov,FLOAT
hash_454d91b9dcb93d33,INT
hash_64eb08c87a2ca933,BOOL
weekly_contract_cryptokey_reward_count,INT
cg_usingclientscripts,BOOL
hash_3f113a51726ed135,BOOL
hash_6d00aad924a05936,INT
livestorage_fakenoob,BOOL
hash_3072a5b2195d1136,FLOAT
cg_fovextracam,FLOAT
hash_5eb7c6f690fcb936,BOOL
waypointoffscreenpadbottom,FLOAT
hash_70348ef103379938,BOOL
dwconsideredconnectedtime,INT
hash_58223402a0185939,BOOL
r_videomemorymultiplier,FLOAT
hash_bc3addda7ff8939,BOOL
marketing_autorefresh,BOOL
r_aatechnique,ENUM
hash_7f495a88fc686d3a,INT
hash_2b852ba138b9853a,BOOL
lobby_enablepsdatastreaminginlobby,BOOL
live_timewarp,FLOAT
hash_40ba976fa45f7d3c,BOOL
ui_lobbydebugtransitionhostsessionloc,FLOAT_2
lobby_hostbots,BOOL
hash_99da5ca8418753d,BOOL
ai_tacticalinfluencersthreatdebug,INT
hash_792229cfbe3cf53e,INT
cl_dpadleftheavyweapon,BOOL
r_cmdbuf_worker,BOOL
waypointoffscreenpadtop,FLOAT
lobbysearchgeo4weight,FLOAT
ui_abortkeyboardonuichange,BOOL
hash_14b2b0d47c360d40,BOOL
hkai_additionalpathfinditerationlimit,INT
hash_305c6b5d74ffdd40,BOOL
hash_38f5db673a53dd40,BOOL
hash_180845b910ef9141,BOOL
bg_isolatedamageflash,BOOL
r_eacpathfx_enable,BOOL
tu10_validationfatal,BOOL
r_foghalfdist,FLOAT
r_fancycam_postfx,INT
r_modellodbias,FLOAT
ui_badwordmaxtaskwaits,INT
mindelayforotherplayerstatsfetch,INT
r_watersheetingfx_distortionscalefactor,FLOAT_4
hash_72d630ede445cd45,BOOL
hash_55b202dcd35d7145,BOOL
ui_hud_showobjicons,INT
hash_59fa8d25d2b83d46,BOOL
hash_5053d0266ce0a948,ENUM
hash_6c387a17aeade148,INT
hash_abe05dab513d549,BOOL
hash_75cd540599443549,FLOAT
hash_597a0b9c9d36794a,INT
cg_thirdpersonfocusoffsetup,FLOAT
settings_defaultsubtitles,BOOL
loot_taskmaxattempts,INT
ui_autocontrolledplayer,BOOL
lobbysearchpingbandweight4,FLOAT
lobbysearchisempty,INT
hash_595d903a6df2ed4c,FLOAT
hash_1f492043c0ffd14c,FLOAT
playlist_forceevent,STRING
cg_drawbreathhint,BOOL
r_zfar,FLOAT
voice_outputvolume,INT
hash_4b83f2025861254e,STRING
hash_3d5134a2ca8dc94e,BOOL
hash_6fe5ded2f9fa7d4e,BOOL
missingcommandwillerror,BOOL
scr_hardpoint_allowcounteruav,INT
ui_heatmapcolor,COLOR
hash_2956967233bebd4f,FLOAT
sv_connecttimeout,INT
hash_21d828fe7b833150,FLOAT
weekly_contract_blackjack_contract_reward_count,INT
reportuserinterval,INT
r_filmisonoise,FLOAT
bg_zombieplayerusesutilityclip,BOOL
player_useradius,FLOAT
hash_4253d99c73f1952,BOOL
incentive_weapon_drop_id,INT
st_grass,BOOL
hash_38d0f94a36bb3953,INT
hash_648522a533967154,STRING
hash_71ae0d507d659154,BOOL
player_meleelungespeedcutoff,FLOAT
hash_167f161c4baa5d55,STRING
lobbytimerstartinterval,INT
hash_7723f92ff7a2b156,BOOL
lobbyadvertiseplaylistversion,INT
lobbyadvertiseshowinmatchmaking,INT
g_vehiclebypassfriendlyfire,BOOL
r_fancycam_focaldistance,FLOAT
hash_16a01dcc0b801157,INT
hash_2ac8ade37339f558,BOOL
g_useradius,FLOAT
hash_3c635cd46196b959,STRING
hash_4085c81ac26ea959,BOOL
lobbytimerzmstartinterval,INT
hash_18db6e504e6b3d5a,INT
hash_79e4fda21fcfcd5a,BOOL
ui_usingfreecursor,BOOL
cg_hudmapplayerwidth,FLOAT
hash_5e9578a4f18c815c,INT
hash_842b27b93f55d5c,BOOL
lobbysearchforcelocation,INT
hash_16d0fedfc4bc215d,STRING
hash_602fe743e37f915d,BOOL
ui_keeploadingscreenuntilallplayersconnected,BOOL
ai_meleedamage,INT
loot_burncommonrefund,INT
r_dedicatedplayershadowcull,BOOL
voice_suspend,BOOL
hash_3cb5ca5a23c7a95f,INT
lobbyprobedxuidoverride,INT
dynent_delete_expensive,BOOL
ai_useleanrunanimations,BOOL
hash_2947261341337d60,BOOL
lobbyvm_forcegc,BOOL
hash_10d78d52b08fb960,BOOL
hash_2ed8c1105ab40160,BOOL
scr_scorestreaks_maxstacking,INT
hash_3bc375adc55ead60,BOOL
ui_lastserverrefresh_1,STRING
hash_6b611a3ec0d54d62,STRING
skip_contract_rewards,BOOL
r_flamefx_fadeduration,FLOAT
wind_fx_speed_scale,FLOAT
ui_lobbydebuggamehostsessionclientlistloc,FLOAT_2
hash_27ae5e47d4ae6564,BOOL
hash_31b353de2cfe0965,BOOL
hash_37c730852aa43d65,BOOL
r_addlightworker,BOOL
hash_614e2c01d75ae565,FLOAT
slide_camerapitchoffset,FLOAT
hash_78794d44313b8d66,STRING
migration_minclientcount,INT
sv_connectionlogsamplespersecond,FLOAT
live_leaderboardresettime,INT
hash_3db57cce3c450d67,INT
demo_usemapnameasdefaultname,BOOL
fs_homepath,STRING
hash_5fb3d61f401b9567,BOOL
hash_79c98005834ff167,BOOL
hash_790e25cfbe2c4568,INT
loc_systemlanguage,INT
hash_47ac700b508cad69,BOOL
xpscalewzigr,STRING
ai_generatenavmeshregions,BOOL
hash_2e9feae73c26e56a,BOOL
hash_6db4dbfa121f0d6b,BOOL
hash_46d812e76d1a816b,STRING
hash_2924252c4a56b16b,BOOL
hash_6a29eb7b0b47996c,INT
cg_thirdpersonsideoffset,FLOAT
sensitivity,STRING
hash_3d7827f45766156c,INT
tu6_player_shallowwaterheight,STRING
hash_5df52413e654bd6d,FLOAT
hash_5546ba7c1848f96e,BOOL
rare_crate_bundle_id,INT
hash_64a872de8a02f56e,BOOL
hash_16d940829397496e,BOOL
join_retrycount,INT
hash_37e1dc95e815e16f,INT
ui_lobbydebuggameclientsessionloc,FLOAT_2
hash_5a9d00a4736da970,INT
hash_79112bcfbe2e8571,INT
r_lodthresholdpixelarea,FLOAT
hash_9109282b5a2dd71,BOOL
scr_weapon_allowbetty,INT
hash_1f8d771115041172,INT
hash_194c1f8422add572,BOOL
hash_4ebb6fbc59c87572,BOOL
hash_a5439fee675b574,BOOL
ui_lobbydebugtransitionclientsessionclientlistloc,FLOAT_2
platformsessionlaunchinvitejoinprocessdelay,INT
survey_chance,FLOAT
hash_6d05981efd5d8d74,FLOAT
hash_37c3ebc11793a175,STRING
hash_6d3e5a2229c65976,FLOAT
live_store_disable_lang,STRING
lobbyadvertiseplaylistnumber,INT
bg_ads,BOOL
winvoice_loopback,BOOL
lobbysearchforcexuid,UINT64
hash_65167f5bbc765d78,BOOL
hash_1933cd7461bd8d78,INT
lootcontracts_daily_tier_skip,BOOL
hash_50a596c80a2df179,BOOL
player_view_swim_pitch_down,FLOAT
hash_78c8479ba1eae179,BOOL
hash_4c9e3bec0d93697b,STRING
hash_701458be78ebed7b,INT
hash_3de482145223097b,BOOL
lobbymigrate_usestddev,BOOL
loc_warningsaserrors,BOOL
tgraph_debugclearancepointid,INT
cg_thirdpersonupoffset,FLOAT
hash_779c7dfc92fe857e,BOOL
arena_givebonusstar,BOOL
hash_57d63269cdf0c97f,INT
groups_applications_refresh_time,INT
playerweaponraisepostigc,INT
compassfriendlyheight,FLOAT
netchan_fakeload,INT
loadoutversionmp,INT
lobbyadvertisemappacks,INT
hash_7647909296f98180,FLOAT
hash_526fcd995aed7181,BOOL
lobby_hostintervalheartbeat,INT
cg_drawcrosshaircooker,INT
lobby_hostpsfragmentretryinterval,INT
hash_4c81b7408bad9582,BOOL
hash_1ff7240ea3fa8982,BOOL
probation_public_probationtime,FLOAT
hash_3c9231d9c5b7583,INT
sv_writeconfigstrings,STRING
r_ev_targetrange,FLOAT
statsversionmp,INT
tu4_enablecodpoints,BOOL
cg_drawjobsperf,INT
r_blurandtintlevel,FLOAT
hash_63b7a48e375c2585,BOOL
waypointoffscreenpadright,FLOAT
hash_21a37f5ca6190186,BOOL
hash_76d73a955476ad86,FLOAT
hash_1027bdf887a5a587,STRING
ui_hud_visible,BOOL
lobbysearchskillweight,FLOAT
com_maxfps_menu,INT
hash_4f4e0dbe65136989,STRING
hash_13a346481f092189,FLOAT
hash_2f8a737a2a6c0989,BOOL
r_lightingsunshadowsstmipdrop,INT
hash_5f6429f33a3bdd89,INT
hash_469f3a68591de58a,BOOL
loot_burnepicrefund,INT
lobby_readyuppercentrequired,FLOAT
hash_580d60c3f961c58a,BOOL
hash_23b9c106cfcde18b,STRING
hash_2dd67fb3e65f3d8b,STRING
live_presence_incremental_fail_delay,INT
bg_deferscriptmissiledetonation,BOOL
voice_va_sensitivity,INT
r_lockframerateto30hz,INT
lobbyadvertiseisempty,INT
scr_weapon_allowmines,INT
hash_57b223c30a7cad8e,BOOL
hash_242f1130a5cffd90,FLOAT
hash_14be386b0a7d90,INT
demo_bookmarkeventthresholdtime,FLOAT
hash_45c16d9d901bc991,FLOAT
r_watersheetingfx_allowed,BOOL
hash_6698c4eb316f4992,INT
cg_overheadranksize,STRING
hash_226093c21a19993,INT
demo_pauseonnextsnapshot,BOOL
hash_7e84dd7c59b53d93,BOOL
hash_706bb8ee60beb593,BOOL
bg_maxgrenadeindicatorspeed,FLOAT
hash_48b7d37ab980b994,STRING
hash_283f10a14548f994,STRING
cg_huddamageicontime,INT
hash_8a9ff3a9b38595,FLOAT
hash_762d90c6e9dba995,FLOAT_2
hash_1ce44c155f14a195,BOOL
hash_e1ce7247c220196,INT
hash_bc07db575eded96,INT
gadgetpoweroverchargeperktimefactor,FLOAT
join_transitionlobby,BOOL
r_ev_screen_scale,FLOAT
tu5_dwnetfatalerrors,BOOL
bg_weaponswitchhero,ENUM
hash_730fab929626f598,STRING
hash_8632208b0221599,STRING
hash_1f9ea90674144599,INT
hash_25680071a5ad719a,INT
partyprivacycheckinterval,INT
hash_5bb505659db06d9b,FLOAT
hash_3fc577059a41b99c,BOOL
hash_3c3e56404c9ca59c,BOOL
vehicle_switch_seat_delay,FLOAT
ai_codegameskill,BOOL
hash_530b5ade2999099d,FLOAT
ui_lobbydebugtransitionhostsessionclientlistloc,FLOAT_2
hash_5711c6d3e5fc099d,INT
fshthrottlekbytespersec,INT
com_script_recordeventprobability_client,STRING
demo_filmstartinformationscreenstaytime,FLOAT
hash_545121774fed959f,FLOAT
ui_hideleaderboards,BOOL
hash_7c5d35efce7a9a0,BOOL
hash_709aba029b4f15a0,FLOAT
r_fxaadebug,BOOL
amd_useshaderextension,BOOL
hash_1e30b8b2f3629da3,STRING
lootcasexpmax,INT
hash_6100312efe88ada3,FLOAT
lobbysearchserverlocation3,INT
lobbymigrate_dedicatedonly,BOOL
cg_scorescolor_gamertag_0,COLOR
r_clearcolor2,COLOR
sv_enablezombieshostmigration,INT
hash_3de6892cd84059a5,INT
g_fogstartdistreadonly,FLOAT
hash_605556551e33b9a6,BOOL
hash_ff10563fa6881a6,STRING
in_mouse,BOOL
hash_59961127157a7da7,STRING
hash_41b2ffe4227059a7,BOOL
r_ssao_gtaostrength,FLOAT
hash_36ae56cb974c2da7,FLOAT
player_topdowncursorpos,FLOAT_2
hash_357dfccf8a3ec9a8,INT
saved_gameskill,STRING
hash_5a3bec37ca7abda9,STRING
statserrornormal,BOOL
lobbymapvoteprevmapplaycount,INT
bg_weaponcompatibleifsharedammo,BOOL
hash_edd48f4dbf3bdaa,STRING
hash_7fb88f972737e9aa,FLOAT
tu11_matchmakingprioritymp,INT
qos_minpercent,INT
r_convergence,FLOAT
ui_lobbydebugrescountloc,FLOAT_2
hash_335e29e0a3e12dac,BOOL
player_lean_rotate_crouch,FLOAT_2
lobbysearchmindedisearchclientadd,INT
dw_sendbufsize,INT
r_atmospherefogdensity,FLOAT
hash_65078569987781ae,BOOL
r_tilingprobecount,ENUM
hash_3ae28ff6a15dfdb1,BOOL
r_catseyeaberation,FLOAT
hash_3219b0506206f5b1,FLOAT
sv_cheats,BOOL
hash_ed47eb88ebf25b2,BOOL
hash_722850768ec409b2,FLOAT
hash_48b061ab16716db3,STRING
hash_1a1836a01a395b3,FLOAT
hash_31f9d5d4cf9ebdb3,BOOL
bg_serverdelaydamagekickforping,BOOL
bg_aimspreadmovespeedthreshold,FLOAT
hash_607f13112884f5b5,ENUM
r_eacpath_step,INT
hash_36c2f989026db5,INT
hash_17a5563b3dcae1b5,STRING
hash_780140b60f7321b6,FLOAT
hash_2e186d827ba051b6,BOOL
liveqos_lobbymaxwaitms,INT
hash_85dec9d785e35b6,BOOL
hash_744dfab4367a59b7,INT
m_filter,STRING
r_zombienameallowdevlist,BOOL
hash_1539a350e73051b8,STRING
hash_243ae4c47733f1b8,INT
hash_1c8d2d2968819b8,FLOAT
snd_speakerconfiguration,ENUM
hash_422483092c2d3db9,INT
cg_fov_default,FLOAT
voice_outputdevice,STRING
zm_gate,INT
hash_4a6a7e75cd07dba,BOOL
hash_41ca2236a5c185ba,BOOL
r_expauto,BOOL
hash_6f3f10e68d2fedba,INT
qq_ol,BOOL
lobbysearchgeo1weight,FLOAT
loot_tier_discount1_active,STRING
hash_26b4cd2f5c8addbc,INT
hash_aba228867899bc,BOOL
hash_3a33516fad8459bd,STRING
hash_4fbe882ebdc395bd,FLOAT
hash_20708b67d866b9bd,INT
r_dedicatedplayerspotomnishadowresolution,ENUM
fs_ignorelocalized,BOOL
r_fogskyhalfheightoffset,FLOAT
sv_iwds,STRING
bot_allowmelee,BOOL
hash_5243c5f2177915c0,BOOL
r_monitor,INT
lobbymigrate_enabledlan,BOOL
hash_31c71980aad9dc1,BOOL
offline_gate,INT
hash_40f551189b68d5c2,INT
hash_752a87b722c34dc4,STRING
loot_burnrefetchonsuccess,BOOL
hash_4f7d712c1ae79dc4,INT
r_watersheetingfx_radius,FLOAT
r_streamfreezestate,BOOL
dwnetmaxwaitms,INT
hash_41ef264ae8370dc7,STRING
hash_499c6d0042d7a1c7,BOOL
hash_39c2fac18048e5c7,BOOL
lobbysearchplaylistnumber,INT64
hash_29f661d86a9ee5c8,FLOAT_4
hash_7b2c6033784249c8,INT
voice_inputvolume,INT
hash_3a7864b7f74641c9,BOOL
hash_65c459b02d95c9c9,BOOL
hash_6bb83780ad4141ca,BOOL
allcollectiblesunlocked,BOOL
phys_wind_enabled,BOOL
compassradarpingfadetime,FLOAT
cg_hudmapfriendlywidth,FLOAT
r_adsworldfocaldistancemax,FLOAT
sv_sendcmdangles,BOOL
ui_lobbydebugbasey,FLOAT
aim_autoaim_enabled,BOOL
hash_4c1f9a9cc5c45dcf,INT
hash_646363e3ff24b1cf,INT
join_retrydelay,INT
scr_gunxpscalecp,FLOAT
wind_global_vector,FLOAT_3
tu2_disablechallengesforlockeditemsinarena,STRING
hash_659ce2cca17e5dd0,BOOL
hash_3cae66d461d6b5d1,STRING
hkai_storeclearancerecalcstats,BOOL
hash_3543290639497dd1,INT
ui_enableconnectionmetricgraphs,INT
r_lightingreflectionprobemipdrop,INT
sprint_capspeedenabled,BOOL
loot_mpitemversions,STRING
hash_77880d40c777edd4,STRING
ui_currfocuslist,STRING
playlist_excludegametype,STRING
hash_33a49c54332c39d4,BOOL
player_viewlockent,INT
loot_cryptokeycost,INT
phys_disableentsanddynentscollision,BOOL
hash_1afa3af491bbe1d6,BOOL
ui_execdemo,BOOL
probation_league_probationtime,FLOAT
hash_2d5b0d6d4ce995d7,BOOL
r_postfxsubindex,INT
hash_590d87b6178121d8,INT
migration_forcehost,INT
lobbymigrate_maxpacketwaittime,INT
perk_flakjacket_hardcore,FLOAT
ls_mapname,STRING
hash_533a34a2897295da,FLOAT
hash_34c8b03986a311da,BOOL
hash_671b81e101b4a9db,STRING
playlist_allowdevmaps,BOOL
r_poisonfx_blurmin,FLOAT
ui_play_intro_movies,BOOL
hash_69a151539f8595de,INT
hash_1dd1aa12a216f9de,FLOAT
r_ssao_gtaohigh,FLOAT
hash_191998a9441909df,BOOL
migration_limit,INT
hash_4f252e14440a0ddf,INT
loot_zmitemversions,STRING
lobbysearchplaylistversion,INT
demo_downloadstreamretrywaittime,INT
profiledwupdateinterval,FLOAT
hash_317c2ca1b9fff5e0,BOOL
loot_burncooloff,INT
groups_presence_refresh_time,INT
scr_gunxpscalemp,FLOAT
hash_7b43e555ed158de1,BOOL
hash_54a800edd0c9bde2,STRING
hash_55d96cc21ad6f5e2,BOOL
cg_viewvehicleinfluencegunnerfiring,FLOAT_3
hash_2edc1ca16b1b0de3,FLOAT
live_maxsrereportcount,INT
hash_78e79c4f6f25d5e4,STRING
path_minzbias,FLOAT
spawnsystem_use_code_point_enabled,BOOL
lobbysearchgeo3,INT64
fileshareallowdownloadingothersfiles,BOOL
r_dof_aperture_override,FLOAT
hash_1a23933bdcb96de5,FLOAT
lobbysearchpingbandweight2,FLOAT
hash_3ca8e9ede02c25e6,BOOL
hash_3f403d956ed0d1e6,BOOL
hash_5a7f11db94a4bde6,BOOL
hash_7df7e183879409e7,BOOL
nextarena,STRING
hash_1cccf0abc83bb9e8,FLOAT
loot_enabled,BOOL
hash_1178e5f0505405e9,INT
hash_baf6ddd532935e9,INT
hash_3f883ee1578469e9,BOOL
hash_7974bbdf149069e9,BOOL
demo_inlobbythrottlebandwidthpercent,FLOAT
arena_seasonvetchallengewins,INT
platformsessionshowerrorcodes,BOOL
statsversioncp,STRING
hash_6f93a5b2133445ec,INT
hash_19e69b49597e6dec,FLOAT
probation_league_warningthreshold,FLOAT
hash_1284782ab4905ed,INT
demo_packetspersecondmin,INT
r_lightingsunshadowcachedynamicsiegedistance,FLOAT
g_loadscripts,BOOL
lobbymigrate_testintervaljitter,INT
party_minplayers,INT
hash_3bccd5b062faadee,INT
hash_1023b2f8f235d1ef,BOOL
lobby_beginplay,INT
demo_fileblockwriterate,INT
upload_bps_demosystem,INT
hash_7553d84fb958d9f0,STRING
hash_7324ecd89066d9f0,FLOAT
demo_recordsystemlinkmatch,BOOL
player_meleechargeminspeed,FLOAT
hash_6debf3ba2be22df0,BOOL
sv_iwdnames,STRING
cl_bspmismatchfatal,BOOL
hash_3e1abcb4a21ccdf3,INT
hash_55ece02bd723f1f3,INT
hash_7563212fec5cfdf4,BOOL
demo_highlightreeltransitionfilter,INT
hash_2c514f5f608155f5,INT
groupdownloadinterval,INT
hash_1951a6142a22e1f5,FLOAT
hash_18b3343408da85f5,BOOL
fshsearchtaskdelay,INT
livededicatedonly,BOOL
cl_deathmessagewidth,INT
player_laststandbleedouttime,FLOAT
bg_viewkickminads,FLOAT
g_banips,STRING
sv_referencediwds,STRING
hash_54c05cf37fcf0df7,BOOL
hash_2a9a37c58add89f7,FLOAT
hash_1c1b99856528fdf9,INT
r_xanim_disableextrachannel,BOOL
hash_4b4d7a7f2986a1fa,BOOL
r_ev_random_edge,FLOAT
scr_xpscalezm,FLOAT
ui_lastserverrefresh_3,STRING
r_lightingspotshadowforcesize,ENUM
hash_2cb560e84482cdfc,INT
hash_45ee5d90f4c62dfc,BOOL
hash_4a5fd7d94cfc9dfd,STRING
skill_onboardingthreshold,FLOAT
hash_1748f65395b2d5fd,BOOL
perk_killstreakanteupresetvalue,INT
hash_4e6e35d3a7e761fd,FLOAT
hash_2c54555f608395fe,INT
live_use_companion_app,BOOL
hash_2cdf8820c3556dfe,BOOL
r_clearcolor,COLOR
hash_56e57414e383e1fe,INT
hash_7da5e296647cddff,BOOL
r_splitscreenbluredges,BOOL
hash_3c458415f61e8a00,STRING
lobbysearchgeo4,INT64
scr_scripterrorsarefatal,BOOL
hash_3b81c5c6e74e6a00,FLOAT
hash_4686ed971e896201,STRING
dw_defaultdtlsassociationtimeout,FLOAT
hash_26c959061043f201,INT
hash_796e9d2482fbe01,INT
tu10_cleanupragdollsonexit,BOOL
demo_highlightreelstylesfilter,INT
hash_d9ea81295273a01,INT
hash_18fc8b5dde925a02,STRING
cg_drawonscreenfriendlyai,BOOL
r_usesimpledobj,BOOL
hash_3ea0af84640d8202,FLOAT
r_spotlightentityshadows,BOOL
groups_enabled,BOOL
hash_60020907da1c6204,STRING
daily_contract_cryptokey_reward_count,INT
hash_334c9cb04d2fa04,STRING
r_use_heap_mesh,BOOL
hash_770bf938698a9a05,BOOL
hash_1f6387313f04c205,BOOL
hash_1be638abed96ca05,BOOL
gts_validation_enabled,BOOL
perk_killstreakmomentummultiplier,FLOAT
hash_106d4ddb23ad9606,BOOL
demo_downloadstreamthrottletime,INT
hash_6420cf4bf89c206,BOOL
hash_124327e5b2870e07,BOOL
hash_58b7638e8fbc8e08,BOOL
lobbylaunch_fadetoblackdelay,INT
weapon_contract_max,INT
hkai_pathfinditerationlimit,INT
bg_specialoffhandinventoryswitch,ENUM
hash_7fe994cf328ab60b,STRING
hash_9be13b35523e60b,FLOAT
hash_28bfb922993e120c,INT
hash_5e1d0c08624f4e0c,INT
lobby_hostjoinrequestreject,BOOL
hash_724b7a4740c3720c,BOOL
player_view_swim_pitch_up,FLOAT
statserrorstable,BOOL
hash_79bfee3d4770360d,ENUM
r_shaderwarmingmode,ENUM
ai_shownearestnode,INT
com_forcesvlockstep,BOOL
cl_ingame,BOOL
arena_qosbrodenskillfrequency,INT
lobbyadvertiseservertype,INT
qos_echo_chance,INT
hash_6d12a505ad6a6e0f,FLOAT
hash_1781ec139f140a0f,BOOL
tm_startedthreshold,INT
hash_54a35a9a09159e10,STRING
hash_470bedfad5049e10,BOOL
hash_4b14a51b881fe610,BOOL
hash_71ac0f2580826a10,BOOL
hash_30879c11eb250211,INT
r_smodel_splitworkers,INT
hash_cf34a0b60124215,INT
tu13_freempdlc,BOOL
hash_e42eff14e284e15,INT
hash_4bd89128b383fa16,BOOL
spawnsystem_sight_check_sentient_ai,BOOL
cg_isgameplayactive,BOOL
r_lightingambientforcefallback,BOOL
lobbymigrate_minscorediff,INT
hash_7a74f344825b5618,STRING
ui_disable_blur,BOOL
tm_taskmanagerdebug,INT
hash_7a659c21568d7219,STRING
hash_cbccd885e75d219,FLOAT_3
bot_maxallies,INT
hash_5c84ce7c678ca619,INT
hash_4a0556ca9bc16a19,BOOL
ui_smallfont,STRING
migration_soak,BOOL
hash_171b45110578361a,INT
partyprivacyenabled,BOOL
hash_1c85f553c30c3a1b,INT
tu9_backupbadspace,BOOL
sv_playlistfetchinterval,INT
hash_11ccadd6bf5d121c,BOOL
cg_minimappadding,FLOAT
hash_3d0cd57eb09c221c,BOOL
tgraph_debugvismapdrawnonvisible,BOOL
statsversionwz,INT
hash_3ded794ceefdb21d,INT
hash_5e599f81c458121d,FLOAT
hash_3f4035a5c965ba1e,INT
cl_secondaryplayermenucontroldisable,BOOL
scr_disablechallenges,BOOL
cl_motdstring,STRING
hash_51c24e21e66c8a20,FLOAT
bg_viewkickmaxads,FLOAT
demo_dollycamleaveatpreviousmarker,BOOL
hash_31fb7900b3237e22,INT
perk_gpsjammer_time_period,INT
hash_3d3ac00e50436e22,BOOL
player_swimsprintspeedscale,FLOAT
hash_791817cfbe348223,INT
hash_411dca380ac3e24,STRING
skill_onboardingenter,FLOAT
cg_threatdetectorradius,FLOAT
hash_7f46a731ab0bf225,STRING
scr_player_allowrevive,INT
hash_7755fbdf84f50626,STRING
r_refreshrate,FLOAT
hash_524f09132bf3b228,STRING
hash_79b57f7244620e28,STRING
hash_2c40515f6072e628,INT
hash_31e9670ce2aaba28,INT
hash_cce350b5ff30229,INT
demo_keyframerate,INT
r_smodel_partialsortworkers,INT
hash_669f11573469d229,FLOAT
hash_1029b4fe7e34da29,BOOL
join_agreementwindow,INT
lobby_hostcontenttimeout,INT
hash_7c7aee822a92722a,BOOL
hash_483a0d127322562a,INT
r_deferredignoreshadowupdate,BOOL
hash_1b5b2e9749c2e22b,INT
hash_76a9774d9cd5122c,INT
fixnegativelosses,BOOL
hash_65bdf5cf34dd4a2d,STRING
hash_6ce4aefbba354e2d,BOOL
hash_3ee17720837ae62e,INT
r_dedicatedplayersunshadowresolution,ENUM
ui_level_sv,BOOL
hash_18da26e533875e2e,BOOL
hash_26a8f90e2c78062e,BOOL
r_atmospherehazespread,FLOAT
r_pomlodstart,FLOAT
g_vehicledrawsplines,BOOL
featured_levenabled,BOOL
r_lightingshadowfiltering,BOOL
hash_426a9fae58ce1e31,INT
hash_67f0d644d32cce31,BOOL
hash_7f6b39b5e9c6ba31,BOOL
player_throwbackouterradius,FLOAT
hash_48b066ab16717632,STRING
hash_6619cba0e2c06e32,INT
hash_37650610914f0a32,BOOL
scr_weapon_allowfrags,INT
r_motionvectorgenerateenable,BOOL
hash_7fd5ede8c204ae33,BOOL
hash_4571c0e5a8f3be34,STRING
hash_30699b28d2988e34,FLOAT
hash_103e149e6a5d1e34,BOOL
hash_11b636c5d2d00634,FLOAT
hash_127dbac5b98a0234,FLOAT
bg_friendlyfire,INT
hash_744fb9982d710a35,INT
fs_basepath,STRING
scr_gunxpscalezm,FLOAT
ui_lobbydebugvoiceclientloc,FLOAT_2
hash_89314bb13484e36,INT
hash_7471d728dd18de36,BOOL
hash_3844122242209637,STRING
hash_612cf5f5b3f33237,BOOL
totalsampleclienttrack,FLOAT
hash_6e6d4b3b718ac638,BOOL
r_sortdrawsurfsstaticmodel,BOOL
disablelookatentitylogic,BOOL
ui_extrabigfont,STRING
storage_backoff,INT
hash_32512fbbbaae5e39,BOOL
r_dof_min_override,FLOAT
hash_79cd01e38afd3e39,BOOL
hash_4a691796c1d95e3b,STRING
ui_allowreactiveonanyweapon,STRING
g_throttletempents,BOOL
r_radioactiveintensity,FLOAT
r_volumetric_lighting_upsample_depth_threshold,FLOAT
tm_succeedsthreshold,INT
cg_weaponcycledelay,INT
hash_3593d9e3aec9263d,INT
lobbysearchserverlocation5,INT
lobby_clienttimeout,INT
lobby_clientendcoolofftime,INT
hash_7720ca5f471a63f,FLOAT
hash_ec906c73a2da63f,INT
ui_prioritizequickplayforshowcase,INT
sv_maprotationcurrent,STRING
loot_burnlegendaryrefund,INT
lobbysearchservertype,INT
hash_2753d4bc3b21f640,INT
hash_363f3c424462e241,INT
cl_usercmdmergemethod,INT
r_foveaacuitycolormax,FLOAT
cl_paused,INT
loot_tier_discount1_bundle,STRING
hash_22a061a27907242,STRING
hash_77c99bf5ff03f243,BOOL
bg_gravity,FLOAT
scr_weapon_allowsatchel,INT
hash_4a86ff345d883245,BOOL
gpad_button_rstick_deflect_max,STRING
hash_7016ead6b3c7a246,BOOL
r_fog,BOOL
scr_hardpoint_allowauto_turret,INT
loot_burnrarerefund,INT
equipmentasgadgets,BOOL
demo_freecameralockonmissileallowed,BOOL
path_checkdangerousnodes,BOOL
playerpushamount,FLOAT
hash_6d566aa3b24424a,FLOAT
hash_2e59c2f2e5aae64a,BOOL
hash_79c9e95f72e8264a,BOOL
hash_3ac2debd59cca24c,INT
hash_7d59aa3d52fafe4c,BOOL
st_loddistscale,FLOAT
r_streamtexturememorymax,INT64
hash_14ef8884606bd64c,INT
hash_4c6b94016130324d,BOOL
hash_5372400875151a4d,FLOAT
hash_45b46b7910ff424d,BOOL
excellentping,INT
ae_enabled,BOOL
hash_3231deaa9f4aca4d,ENUM
sv_referencedffnames,STRING
lobbysearchskillrangemultiplier,FLOAT
hash_8c1913e444d9e4e,BOOL
hash_4e79e37aa8fd264e,INT
sv_maprotation,STRING
loot_rarecrate_dwid,INT
groupuploadinterval,INT
hash_5ee9a4ac16993e50,INT
sv_msec,INT
cg_useweaponbasedvariablezoom,BOOL
marketing_refreshtime,INT
ai_debugvolumetool,INT
phys_gravity,FLOAT
perk_weapreloadmultiplier,FLOAT
hash_2cbd1f67f66e0256,STRING
live_enablecounters,BOOL
lobbysearchdatacentertypegeo,STRING
r_fancycam_fstop,FLOAT
statsversionzm,INT
hash_66412a4be95d3659,BOOL
r_smodel_combineworkers,INT
hash_6f38682a2ef38659,BOOL
contracts_enabled_wz,STRING
loot_cryptocheckdelay,INT
demo_highlightreelplayerfilter,INT
fs_debug,INT
hash_2d5495513e058e5c,INT
hash_76e36143511ce25c,BOOL
ui_friendslistopen,BOOL
hash_3a7588ce8bbbc25d,STRING
live_friends_features,INT64
scr_xpscalecp,FLOAT
com_maxclients,INT
hash_752a85b722c34a5e,STRING
arena_bonusstarstreak,INT
hash_44bade8473f0165f,BOOL
loc_languagesaved,BOOL
r_ev_geometryrange,FLOAT
tgraph_debugshowstats,BOOL
voice_enabled,BOOL
hash_2cfc6b3595eb2661,INT
perk_delayexplosivetime,FLOAT
hash_645964581f73c262,BOOL
hash_77cde59f3ae4aa62,INT
r_motionblurmode,ENUM
winvoice_mic_reclevel,INT
maxstatsbackupinterval,INT
hash_547e7067af5aa263,BOOL
live_umbrella_maxumbrellaloginattempts,INT
r_stereo3davailable,BOOL
hash_43e5a1aba8d26264,BOOL
tm_pendingethreshold,INT
hash_19fecdadf7181e65,STRING
hash_20c168b6e47bd265,FLOAT
scr_scorestreaks,BOOL
hash_1fdb5e4871cd9666,STRING
cg_crosshairvehiclesentientcheck,BOOL
hash_17507f95f570ce66,BOOL
hash_74f791bce93b0266,INT
reliabletimeouttime,INT
perk_requirescavengerperk,BOOL
perk_sgjammer_graceperiods,INT
log_filename,STRING
net_broadcast_ip,STRING
hash_932707a1a99f668,FLOAT
tm_typetodisplay,ENUM
lobbydebuglogjoins,BOOL
hash_5bffb74c9d2a5269,INT
hash_6466833b3ad6b66a,BOOL
lobbycptimerstartinterval,INT
enable_moving_paths,INT
hash_3b9da25b27e0ca6a,BOOL
hash_3e588fd86e04b66a,BOOL
hash_395dd5258ac4e66b,STRING
live_social_quickjoin,INT
lobbysearchteamsize,INT
hash_51fb8b4e92a8e6b,BOOL
allowhost_matchesplayedratio,FLOAT
qos_minechoservers,INT
slide_forcebaseslide,BOOL
actors_walkable,BOOL
ae_success_cooloff,INT
hash_43ecabf15608ca6f,FLOAT
ui_doa_unlocked,BOOL
m_pitch,FLOAT
lobbyadvertisenetcodeversion,INT
hash_75ca4f2a8a088672,INT
hash_4c5913608edd7272,INT
hash_72d0fb4578b2ee73,INT
hash_cca6902a7ce5273,INT
hash_191fb26f9f52274,BOOL
hash_60c38529e7788274,INT
fs_basegame,STRING
hash_5bfa21836294ce74,BOOL
r_sortdrawsurfsbsp,BOOL
r_fogtweak,BOOL
r_catseyedecolor,FLOAT
scr_xpscalezmpromo,FLOAT
player_respawndelay,FLOAT
hash_2c8de5d729904677,BOOL
r_flamefx_fps,INT
hash_1297e6f2f6cb6e77,BOOL
hash_6d10a4379229fe77,FLOAT
zero_stats_check,BOOL
hkai_showtimers,INT
hash_2eccd2d939a36678,INT
r_filmtweaklut,INT
gpad_enabled,BOOL
ui_lobbydebugmsgloc,FLOAT_2
demo_streamuploadkeepalivefrequency,INT
bg_specialoffhandinventoryallowballswitch,BOOL
hash_57cf3c87bfff0a7b,BOOL
r_dof_max_override,FLOAT
hash_1351cda06208be7b,FLOAT
loot_enableigs,STRING
hash_2115e6918064e67c,BOOL
hash_73edf786e632027c,BOOL
sv_voice,BOOL
hash_cfaf49d352fee7d,INT
hash_4a8a508eba98a27e,STRING
hash_4cd4e3d15cf4ee7e,INT
lobbysearchgeo1,INT64
scr_hardpoint_allowrcbomb,INT
lobbyadvertiseserverlocation,STRING
hash_2f976e875a98ee80,INT
ai_debugentindex,INT
hash_2af367141bf7ea81,STRING
live_useuno,BOOL
hash_3736566f178e81,INT
counteruploadinterval,INT
hash_2e67e2ce327cc684,STRING
qq_th,BOOL
cl_migrationpingtime,INT
hash_71129cfb6e829e85,BOOL
hash_1356b463e367fa85,BOOL
hash_1c24b7bb5c2d1286,BOOL
hash_7760dbb46a38be86,BOOL
hash_66411e23b884ce86,BOOL
hash_42c9c9088994b286,FLOAT
xblive_matchendingsoon,BOOL
enable_global_wind,BOOL
hash_2ec7a9b7c8e6fe88,INT
hash_50014bd9e4dcd688,INT
hash_473a79ea2ff1d288,BOOL
hash_cc5ef2772c02e89,BOOL
hash_15ea4ead04ceee89,BOOL
m_mouseadsyawmultiplierhighzoom,FLOAT
qos_lastupdatems,INT
perk_nottargetedbyai_graceperiod,INT
r_deferredforceshadowneverupdate,BOOL
hash_1b271cb8891dca8b,BOOL
hash_77cc1fb1346ec28b,BOOL
hash_4cc67da8a93c768c,STRING
zm_holiday_event,STRING
hash_6c1032fb4c2fb68c,BOOL
waypointoffscreenpadleft,FLOAT
constbaseline_allow,BOOL
hash_323e23707f8bfa8d,BOOL
tu9_highestavailabledlc,INT
hash_50ba06bf09e80e8e,BOOL
r_latealloclimit,INT
hash_6a78b38b896ba8f,BOOL
hash_637d5d07d2713a8f,BOOL
hash_2f2c427142d93690,INT
hash_3e1fc21cc6841291,FLOAT
hash_77b1c3323b8a3692,STRING
r_postfxindex,INT
hash_763fd0186b98292,INT
hash_7327ca257aa61e93,BOOL
lobbysearchmindedisearchtime,INT
hash_23e8adf0e2ada694,INT
hash_199dad27b3141e94,BOOL
hash_268f98b9c87c2694,BOOL
hash_39abda8bc46e0294,INT
cg_thirdpersoncamoffsetup,FLOAT
hash_11a23659adb39e95,BOOL
r_lightingsunshadowcacheenable,BOOL
hash_3e06b14c41136e95,BOOL
hash_4473fd27301b6a96,BOOL
r_flamefx_distortionscalefactor,FLOAT_4
playlist_autoevent,STRING
hash_2e9f0fe31b020699,STRING
hash_70d15309776c5299,BOOL
hash_5feffd521ba0769a,BOOL
probation_public_matchhistorywindow,INT
statserrorotherplayer,BOOL
r_paperwhite,FLOAT
hash_6f2ff0cef5c93a9d,BOOL
perk_gpsjammer_min_speed,INT
r_viewmodelselfshadow,ENUM
hash_79eaa4d44ee5369e,BOOL
hash_1e7a59ec414a9aa0,STRING
lobby_matchmakinglogginglevel,INT
hash_7da25a000c18d2a1,INT
r_fogsunintensity,FLOAT
hash_6e24885f4fa8a2a2,STRING
sv_mapswitchpreloadfrontend,STRING
hash_51aa8220b2d3aaa2,BOOL
hash_54437857384ffaa2,INT
loot_burnminrarerequired,INT
hash_55fc4be8057ac2a2,BOOL
livestats_skipfirsttime,BOOL
hash_2d6a399c776652a3,BOOL
hash_475d40fd034432a4,STRING
r_ssao_gtaolow,FLOAT
ai_showdodge,BOOL
ai_avoidnavboundaries,BOOL
probation_public_timeoutscalar,FLOAT
r_ev_distance,FLOAT
hash_52cd9783d33786a5,INT
lobbyadvertisegeo3,INT64
ui_drawcrosshair,BOOL
hash_11179dde53d9f2a7,BOOL
hash_4574f0b1608d9ea8,BOOL
friendlycontentoutlines,BOOL
hash_2c9e933ee99112a9,STRING
hash_46b66b5fd7002aa,BOOL
ui_bigfont,STRING
hash_49a6eff18752caab,STRING
r_spotlightshadows,BOOL
r_fullscreen,INT
wind_global_speed,FLOAT
hash_1c285384d0ab2eab,STRING
live_friends_max,INT
sv_noname,STRING
hash_53a8a66a3dcc42ad,INT
g_language,STRING
hash_21579715263f56af,BOOL
ui_lobbydebugvoice,BOOL
hash_5715f2013b7512b0,STRING
tu10_enablehighestavailabledlcentitlementcheck,BOOL
hash_22de0bbfa8f186b0,BOOL
hash_48b06bab16717eb1,STRING
demo_streamingsendsocketbuffsizeforotheruploads,INT
hash_ff90d457426f6b2,STRING
hash_9a4d4d582ea3eb2,FLOAT_4
player_meleelungetimecutoff,INT
hash_4f6fc872f172fab2,BOOL
hash_c29714b70182eb3,STRING
net_emu_latency,INT
fileshareallowdownload,BOOL
cg_subtitlewidthwidescreen,STRING
r_volumetric_lighting_blur_depth_threshold,FLOAT
r_watersheetingfx_magnitude,FLOAT
hash_4761e01d16023ab4,BOOL
hash_48f3bf48209ad6b4,BOOL
perk_sgjammer_time_period,INT
hash_316925a1cdf7eb4,STRING
hash_39138e75a5678eb5,BOOL
hash_1b4df1a9a0151ab5,BOOL
voice_pushtotalk,BOOL
hash_689838993d5412b6,BOOL
hash_406dceec6665bab7,STRING
groups_self_groups_refresh_time,INT
hash_706d660866185eb7,INT
hash_606c79b0e9348eb8,FLOAT
lobbyadvertiseskill,FLOAT
enable_new_prone_check,INT
hash_7a62646c7a8abab9,BOOL
hash_264aea0a2615b2b9,INT
hash_58d68b1c1f31deba,INT
ui_lobbydebugprivateclientsessionloc,FLOAT_2
r_lightingomnishadowforcesize,ENUM
hash_677507fc0908cebc,FLOAT
tu3_lobby_droprejoiningclients,STRING
hash_79d6f73b6b635abd,INT
cg_scorescolor_gamertag_3,COLOR
live_whitelistfatal,BOOL
ui_deadquote,STRING
enable_grass_wind,BOOL
hash_2bf4256e20b4febe,INT
demo_filesizelimit,FLOAT
hash_3ff458743e663ec0,FLOAT
hash_4264944aa415ec0,BOOL
hash_333765862cef96c0,BOOL
r_fancycam_position,FLOAT_3
nv_texturereleasemaxperframe,INT
bg_disableweaponplantinginwater,BOOL
r_ev_screen_threshold,FLOAT
probation_league_forgivecount,INT
ai_clamptonavmeshenabled,BOOL
lobbylaunch_gamelaunchdelayonconnect,INT
r_ssr_enabled,BOOL
bg_usethrowbuttonfordetonatorgrenades,BOOL
hash_78606296733432c4,FLOAT
lobby_maxlocalplayers,INT
r_zombienameallowfriendslist,BOOL
r_extracamdisable,BOOL
hash_1bc866336e404ec5,INT
hash_d6e809826f36c5,BOOL
qq_ss,BOOL
g_quadrotorflyheight,FLOAT
hash_6f46b8777d431ac7,INT
hash_36dc3e21ab42ac7,STRING
r_catseyetexture,FLOAT
sv_paused,INT
hash_4c5a5258d34aa6c7,INT
hash_74462f604d7976c8,BOOL
sv_mapcrc,INT
loot_cryptokeysku,INT
r_atmospherehazebasedist,FLOAT
hash_253f500bc17b06ca,STRING
live_friends_sort,INT
hash_16d0442b237c52ca,BOOL
r_aaallowtemporalmultigpu,BOOL
hash_527bed2403ab02cb,STRING
playlist_debug,ENUM
hash_5e52c202c50c2cb,INT
lobbymigrate_maxbwpackets,INT
hash_48b064ab167172cc,STRING
cg_thirdpersonlaststand,BOOL
hash_7415a818677992cc,FLOAT
hash_2ff7a6e382c6f6cd,BOOL
hash_6aec7b5b37bd66cd,BOOL
player_usewaterfriction,BOOL
winvoice_voice_level,INT
hash_7462d05d73a06ace,STRING
hash_4b96e7e642e34ece,FLOAT
hash_6e4e65bcaf3dbace,FLOAT
r_ssao_gtaotweak,BOOL
bg_bobcycleresetthreshold,INT
r_heatpulsefx_enable,BOOL
trialcalendarisclose,BOOL
hash_3323f1a0f6c70ed0,STRING
hash_35605714e01de6d0,STRING
playlist_excludemap,STRING
hash_6362dedc404612d0,INT
ai_usetacticalinfluencers,BOOL
hash_c7b5a00b0dcc2d2,FLOAT
bg_movingplatformpitchscale,FLOAT
hash_558132b14cc926d2,INT
arena_unfairteamgap,INT
cg_playerhighlighttargetsize,FLOAT
scr_xpscalemp,FLOAT
dynent_disable_rb_collision,BOOL
bg_viewkickdeflecttimeads,INT
hash_29b8d50aa25bd2d4,FLOAT
hash_6475255f390182d4,INT
hash_2e0ee1e60ac34ad5,BOOL
g_customteamname_allies,STRING
maxaiglasshits,INT
hash_19389d26e8c8ced7,BOOL
r_usecachedspotshadow,ENUM
hash_37c86607ed99cad7,BOOL
loadoutversionzm,INT
lobbyadvertisemaxplayers,INT
hash_69298456c538e6d8,FLOAT
hash_59f18626a3471ad8,STRING
live_experimentsenabled,STRING
shoutcasthighlightedclient,INT
gadgetpoweroverchargeperkscorefactor,FLOAT
hash_469445f5d2fb62da,FLOAT
r_pomlodend,FLOAT
hash_3b4d9d51b4dd6da,INT
sv_skipto,STRING
hash_4b2b2ec13351cadb,BOOL
lobbysearchqueryid,INT
r_streamreadlog,BOOL
hash_21232038a2928edd,STRING
demo_enablesvbandwidthlimitthrottle,BOOL
dlog_crashreport_throttle,INT
hash_6f546f62d0ef5ede,BOOL
scr_disablesetdstat,BOOL
hash_2a2b2cff0731bedf,STRING
doautoexecdevconfig,BOOL
hash_48ae44a948ef5ae0,STRING
r_fancycam_focallength,FLOAT
hash_7b586198b8c28ae2,INT
migration_blocksperframe,INT
hash_5194d57a3a7d2ee2,FLOAT
hash_7b2982b260a7e2e2,BOOL
live_social_quickjoin_count,INT
spawnsystem_convert_spawns_to_structs,BOOL
ui_enablenodupecrates,STRING
hash_51508fd2e827ae4,FLOAT
hash_3c8851d461b5c2e5,STRING
useclasssets,BOOL
hash_554bac1e47d5eae5,BOOL
hash_3f113ab6ac7722e6,INT
hash_22f86d20885cf2e7,STRING
lobby_movelobby,INT
hash_6278f2b45a6906e7,INT
hash_7b5610a12bb22ee7,BOOL
hash_2a1a4073870f82e8,FLOAT
vehicle_collision_prediction_time,FLOAT
probation_league_probationthreshold,FLOAT
terribleping,INT
lobby_forcelan,INT
r_xanim_disablecosmeticbones,BOOL
wind_global_hi_altitude,FLOAT
bg_shieldhitencodeheightworld,FLOAT_2
ai_shownodesdist,FLOAT
hash_52f550689923f6ec,STRING
netstats_dummy_tracker_data,BOOL
hash_12eda3b5766e3aec,BOOL
liveqos_maxbytespersec,INT
hash_f04bdb9dba60aec,INT
cg_draw2d,BOOL
hash_474fe713b23742ed,BOOL
totalsamplerateqos,FLOAT
winvoice_save_voice,BOOL
hash_5c30f757549e66ee,BOOL
hash_6ba9278b12069aef,BOOL
hash_591d2c6b0462ceef,FLOAT
tu9_backupbaddecompress,BOOL
hash_7debd54770ea26f0,INT
hash_3a646ab7f735a2f1,BOOL
hash_7f1a9431aae696f1,STRING
hash_212e6ec6795c8ef1,INT
hash_5cf242d257ebd6f1,INT
hash_19848e2beb77faf1,FLOAT
player_laststandcrawltransition,BOOL
hash_569cc62f4df62ef1,BOOL
hkai_dumpmemoryleaks,BOOL
com_maxfps,INT
bg_heavyweaponsalwaysplayfirstraise,BOOL
g_foghalfdistreadonly,FLOAT
hash_49ef5478510b5af3,STRING
hash_3c32915ba3d842f3,INT
clicktocontinue,BOOL
hash_c8648b0020adef3,BOOL
vehlockturrettoplayerview,BOOL
hash_3e456f4cef4816f5,INT
hash_51babbb6b8ce42f5,BOOL
r_fogsunopacity,FLOAT
showmaperrors,BOOL
live_store_show_details,BOOL
r_motionblurquality,ENUM
hash_4bab02772cdadaf7,BOOL
hash_752a83b722c346f8,STRING
hash_4ff45b41c6046f8,INT
r_forcetextureaniso,ENUM
hash_5fe5bf14d69be2f8,BOOL
live_store_enable,BOOL
r_forcemaxtexturesize,ENUM
slam_enabled,BOOL
vehicle_selfcollision,BOOL
hash_12bb75de9b272fa,BOOL
hash_60d812bef0f782fb,INT
r_foghalfheight,FLOAT
hash_1fce8e806b5356fc,BOOL
player_sprinttime,FLOAT
tu11_cleanupragdollsondemojump,BOOL
r_modellodlimit,INT
hash_7767ef7cf8cec6fe,BOOL
hash_78e9077db29982fe,BOOL
hash_5fb7e512af940afe,BOOL
hash_69e907231487efe,BOOL
hash_6097f30cede342fe,INT
bg_shieldhitencodewidthvm,FLOAT_2
lobbysearchpingbandweight5,FLOAT
hash_6c19bf486fc122ff,BOOL
fx_drawclouds,BOOL
hash_2fd9a0d3893f9f00,INT
hash_29c0298f28b65b00,FLOAT
hash_332269cdf67eeb00,STRING
hash_53f625ed150e7700,FLOAT
vehicle_collision_prediction_crash_time,FLOAT
hash_6eb6c222bc98b01,INT
hash_7cdd3aabe9b56301,INT
player_dpad_gadget_scheme,BOOL
hash_9683eb7f72e8f02,STRING
hash_5af7d38382a07302,INT
hash_791d258b1e271302,BOOL
hash_44725bb8d8d0a703,INT
hash_2c0532e11670eb03,BOOL
r_smp_worker_threads,INT
hash_598849df95eb8b03,FLOAT
scr_vialsawardedscale,FLOAT
hash_7f8cf8101d9d2b03,INT
hash_5e563e6544ff9705,STRING
hash_44017531a63d6305,INT
r_mode,STRING
ui_lobbydebugshowsessionclients,BOOL
hash_703ecc9b20882306,FLOAT
demo_recordofflinematch,BOOL
m_mousefilter,FLOAT
hash_68ceda637853b307,STRING
lobbysearchskill,FLOAT
ui_lobbydebugextrainfoenabled,BOOL
ui_errorundeflocals,BOOL
hash_1ed6058a5d5d8309,STRING
hash_5efd682cc90de309,BOOL
sv_referencedffchecksums,STRING
lobby_enableloadoutdatastreamingingame,BOOL
lobbymigrate_migratetobestgamehostenabled,BOOL
tu6_doublepistolspreadammo,BOOL
probation_league_enabled,BOOL
lobbydedicatedsearchskip,BOOL
loadoutversionwz,INT
probation_version,INT
hash_1122b4afd9cab0c,INT
sv_privateclientsforclients,INT
hash_49d79caf54cdbf0e,FLOAT
hash_3b51df87bb40cb0f,BOOL
r_sssblurenable,BOOL
hash_e099986c072eb0f,BOOL
storage_maxfailures,INT
demo_writepaintshopinformation,BOOL
hash_3bc87aad62176310,FLOAT
hash_1a75db44ab732310,FLOAT
hash_5c775a560b042f11,BOOL
hash_daeadad1ca27711,BOOL
hash_588a5b4e69526712,BOOL
inventory_maxpages,INT
live_autoeventpumptime,INT
hash_200ea774cee7ff12,INT
hash_119ed889d83ef312,FLOAT
lobby_showsvdebug,BOOL
hash_75a4ebc9cbf9af13,FLOAT
hash_59cf9b57d5140714,STRING
scr_game_arcadescoring,INT
hash_65e83cb282c06314,BOOL
ui_lastserverrefresh_0,STRING
hash_4b76c5ddafb9cf15,STRING
player_clipsizemultiplier,FLOAT
hash_2eae4506a0037b15,BOOL
hash_672d54d715ade317,STRING
ui_lobbydebugreservationloc,FLOAT_2
ui_lobbydebugjoinloc,FLOAT_2
hash_1752f3efa9abdb17,INT
cg_drawfriendlynames,BOOL
r_fogintensity,FLOAT
phys_ragdoll_buoyancy,BOOL
hash_59946e2f81fcdb18,INT
hash_7e000f33d5986319,STRING
lobbymigrate_nomineewaitms,INT
hash_63c35457beb0e719,BOOL
bg_aqs,BOOL
lobbylaunch_gamelaunchdelay,INT
cg_updatescoreboardaftergameended,BOOL
bg_scriptcandisablestances,BOOL
hash_1c1a8ed8d0bf271c,STRING
hkai_resettimers,BOOL
cg_drawmaterialimagenum,INT
ui_allowdisplaycontinue,BOOL
partychatdisallowed,BOOL
hash_8e3780a6127931d,STRING
net_socksport,INT
r_catseyenoise,FLOAT
scr_hostmigrationtest,BOOL
skill_onboardingenabled,BOOL
ui_codexindex_unlocked,BOOL
ui_scrollspeed,INT
r_fogsuninner,FLOAT
ui_error_callstack_ship,BOOL
splitscreen_horizontal,BOOL
hash_73bb446b28b3b21,BOOL
hash_33422d2e8f226b22,STRING
hash_705fb6b5f9380722,BOOL
hash_690dce3afb5d1722,BOOL
hash_4860ef7d5afb5b22,BOOL
hash_553ad8f9db24bf22,INT
hash_1ce7bfb47551fb23,STRING
bot_maxmantleheight,INT
bot_allowgrenades,BOOL
hash_7f46b131ab0c0323,STRING
hash_3901db088405a323,FLOAT
lobbysearchbaseskillrange,FLOAT
hash_298a5e119dbff724,BOOL
loc_language,INT
hash_6c4fd4b78d96f25,INT
fileshareallowemblemdownload,BOOL
hash_242c984f3186d725,BOOL
hash_39ca3b3307baff25,INT
r_blurandtintenable,BOOL
net_port,INT
hash_6b0353ca54760727,INT
wind_grass_scale,FLOAT
g_motd,STRING
allowallnat,BOOL
hash_6b42bf5177436f28,BOOL
hash_278cf634d90b6f28,BOOL
player_meleelungeunderwaterspeedscale,FLOAT
live_pubsemaphoreusertriggertime,INT
tu11_enablevehiclemode,BOOL
r_maxspotshadowupdates,INT
r_dedicatedplayersunshadowpenumbrascale,FLOAT
bg_viewkickdeflecttime,INT
netchan_debugspewchan,INT
lobbyadvertiseskip,BOOL
hash_6ab40db7b267872b,INT
hash_1a7fb37f5707eb2c,STRING
hash_5b97ac69c3c7732c,BOOL
hash_4b70f9308a25eb2c,BOOL
hash_44fe50baeb7bfb2d,BOOL
r_lightingsunshadowenableasync,BOOL
hash_2df59c8a8aecbb2e,INT
r_anaglyphfx_enable,BOOL
hash_8ed4d6f5348032f,FLOAT
hash_7ced92bd0102fb2f,BOOL
hash_5ccf90fcdce1f730,BOOL
hash_5b23c92e3e72df30,INT
g_allowvote,BOOL
ui_lobbydebuggameclientsessionclientlistloc,FLOAT_2
hash_271bfda5798aa731,FLOAT
loot_itemshop_sunset_rotation_time_slot_3,STRING
hash_4fca630e174ca332,BOOL
live_presence_party,BOOL
hash_21b140adb646b332,FLOAT
netchan_mainthreadwaitms,INT
balances_retry_delay,INT
hash_1a7fcbff2957db35,INT
hash_4dee3ea6c922c336,BOOL
qos_minprobes,INT
r_poisonfx_pulse,FLOAT
com_sv_running,BOOL
hash_61cbea77be1b7b36,INT
hash_75cb623525dfe336,BOOL
hash_40a1082e72131b36,BOOL
lobbytimerstatusstartinterval,INT
showvisionsetdebuginfo,INT
hash_2f5976bed59a9737,INT
bg_friendlyfiremode,BOOL
net_emu_server,STRING
probation_public_kickscalar,FLOAT
hash_7ebde517125baf38,BOOL
compassobjectiveiconheight,FLOAT
hash_24e8256f0b6ddb38,BOOL
hash_7e81daea604d1b39,BOOL
r_ev_edgewidth,FLOAT
r_oit_maxentries,ENUM
hash_5d101c1e729c9739,FLOAT
r_radioactiveblur,FLOAT
com_script_recordeventprobability_server,STRING
hash_33318dde20ab733b,INT
phys_usephysicsforlocalclientifpossible,BOOL
r_vsync_menu,BOOL
lobbyadvertisedirty,BOOL
hash_1622e0d539fa333c,FLOAT
hash_7aad972156cb1f3d,STRING
loadoutversion,STRING
hash_f71883c73bbdb3d,ENUM
r_exposuretweak,BOOL
tm_logtimelimit,INT
hash_76765ebd311bf3e,BOOL
r_skyboxcoloridx,INT
hash_14ae93e026d54f3f,FLOAT
hash_1f9978289daaa740,STRING
lobbyadvertisegeo1,INT64
statsversionfr,STRING
ai_accuracy_attackercountdecrease,FLOAT
hash_743d611f01babb41,BOOL
lobby_hosttimeout,INT
hash_4fdf506c770b343,STRING
ui_badwordseverity,INT
hash_2d6d1dca91b76744,BOOL
phys_buoyancy,BOOL
hash_a704fb9bf5cd744,BOOL
scr_weapon_allowc4,INT
loot_commoncrate_dwid,INT
hash_269149a62b397345,BOOL
hash_50d334bd22c16346,STRING
hash_632374f6bd7fa746,INT
hash_67e351ed3ce98746,BOOL
bg_viewkickmax,FLOAT
mtx_seasonal_exploder,STRING
hash_40eb8467241c4747,BOOL
hash_37ffef95e82eff47,INT
hash_f1d7dcbe39a2f47,BOOL
dwfilefetchtryintervalmax,INT
join_infoprobewindow,INT
hkai_warnpathfindfailures,BOOL
compassfriendlywidth,FLOAT
tu11_enableclassicmode,BOOL
r_fancycam_targetdist,FLOAT
hash_6614535dce25f34a,INT
hash_2126343dadf8034a,FLOAT
hash_79934c1912110b4b,STRING
zm_private_rankedmatch,BOOL
fx_occlusion_max_player_count,INT
cg_overheadiconsize,STRING
skill_onboardingadjustonexit,BOOL
hash_3a2974267dac74c,INT
hash_9a4d2d582ea3b4c,FLOAT_4
r_bloomuselutalt,BOOL
live_testvalue,STRING
loot_bribecrate_dwid,INT
hash_3758fe5ac0a6634e,STRING
hash_4e01cca2148e934e,BOOL
hash_59b28fd80fe21b4e,BOOL
r_monitorcount,INT
arena_maintenance,BOOL
tu10_enablecyclicaldailychallenges,BOOL
cl_maxpackets,INT
trialendtimestamp,INT
hash_796812a851976f50,BOOL
hash_3b59e659fcf4db51,BOOL
demo_highlightreelminimumstarsfilter,INT
hash_26565666162e7352,BOOL
hash_7022554e7b430753,BOOL
bgcache_mark_used_assets,INT
hash_4984e142bd2d354,INT
hash_107f9b52b0455b54,BOOL
r_spotlightsmodelshadows,BOOL
hash_41b945b86d7ff55,ENUM
ai_debugarrivals,BOOL
hash_54bdc41c771c0f56,FLOAT_3
r_atmospherepbramount,FLOAT
hash_e2193834f14db57,STRING
lobbysearchserverlocation2,INT
cg_scorescolor_gamertag_1,COLOR
hash_4261cd935a03df57,FLOAT
hash_226f7b583babdf57,INT
r_uihudfx_enable,BOOL
join_reservationwindow,INT
hash_45477fc89963fb58,INT
hash_77107267fe87b359,INT
upload_bps_dedicated,INT
hash_12ff381c3447535b,FLOAT
hash_69b436c6e1560b5c,STRING
hash_6ad5c4ec3a53075c,BOOL
r_exposurevalue,FLOAT
r_fancycam_cameratype,INT
hash_417cd552f57e6f5c,INT
r_norefresh,BOOL
allclientdvarsenabled,BOOL
r_atmospherefogcolor,FLOAT_3
hash_38e73b73b081bb5e,BOOL
live_store_disable_region,INT
cg_automaticprocessprioritymanagement,BOOL
live_statscaching,BOOL
hash_49ca06071c798b61,STRING
lpc_forcedownloadfiles,BOOL
hash_7c0cbf2cb2c44f61,BOOL
r_radioactivefx_enable,BOOL
hash_41cb44c9660f4361,INT
hash_761890a63097c761,BOOL
hash_1d5f9f600115d362,BOOL
ui_emblemdisablegroups,BOOL
hash_23a7eb9edc00f362,BOOL
hash_4a2b5393615b6f63,BOOL
hash_edb4d96b6ef6b63,BOOL
r_fx_backlighting_amount,FLOAT
loot_burnminmegarequired,INT
hash_26735176b24ac764,INT
r_adsworldfocaldistancetrackbackscale,FLOAT
contracts_enabled,STRING
hash_48b062ab16716f66,STRING
wz_gate,INT
marketing_waittimeonlogin,INT
hash_adf7c0b0b73b766,FLOAT
perk_healthregenmultiplier,FLOAT
net_emu_packet_loss,INT
hash_71484c1fa08dab67,INT
fileshareretry,BOOL
motddelay,INT
hash_4dd1e02b385bdb68,BOOL
sprint_slowdownenabled,BOOL
hash_d9545e7f060b769,INT
hash_671fe3544ed00369,FLOAT
hash_776e8865cb987f69,BOOL
lobbysearchskipunparkprobability,FLOAT
r_videomode,ENUM
profiledirtyinterval,INT
player_scopeexitondamage,BOOL
hash_717148a4fb179b6c,BOOL
glassdamagemultiplier,FLOAT
ui_showquickplayinplaylistszm,BOOL
lobbysearchnetcodeversion,INT
bg_viewkickrecovertime,INT
com_logfile,INT
lobby_clientwarntimeout,INT
hash_3e78ea635f50536f,STRING
ls_gametype,STRING
hash_26102fdbe972e372,BOOL
hash_33d7f15446953773,FLOAT
r_xcamsenabled,BOOL
r_viewmodelspotomnishadowresolution,ENUM
wind_grass_tension,FLOAT
hash_66e49cf6d6f2cb73,FLOAT
sv_timeout,INT
hash_62e416beb62f5375,FLOAT
perk_gpsjammer_graceperiods,INT
hash_1762281105b40776,INT
qos_maxprobewait,INT
hash_52a6ed90a3327776,BOOL
hash_26a07b6c8ccfa376,BOOL
hash_752a88b722c34f77,STRING
hash_622e0266b27a0b77,BOOL
local_media_tier,INT
r_viewportbackingcolor,COLOR
hash_558e57dbb6559778,BOOL
wind_grass_gust_speed,FLOAT
bg_moongravity,FLOAT
purchasedclasssetcount,INT
hash_225ef1e314e1d379,INT
hash_2d5f286c1c180379,FLOAT
hash_1bfe9825a989d379,BOOL
hash_1f23389676db0f79,BOOL
hash_66350c8ed44f137a,BOOL
ui_creditskipto,STRING
net_emu_client,STRING
cg_thirdperson,INT
hash_7f557764c4af9f7c,FLOAT
kor/live_commerceenabled,STRING
r_ev_random_ground,FLOAT
hash_39b2eb7016438b7f,BOOL
hash_4948fa7fd08f2b7f,FLOAT
hash_51f4947fc4560380,BOOL
hash_62833d3c5e6d7380,BOOL
hash_e4d6ff240788f81,BOOL
inventory_enabled,BOOL
fs_game,STRING
r_takescreenshot,INT
ui_execdemo_beta,BOOL
hash_663b589c3806b82,STRING
ui_allow_classchange,BOOL
hash_437458347055b83,STRING
aim_lockon_enabled,BOOL
lobbytimerstatuspostgameinterval,INT
lobbymergededicatedenabled,BOOL
hash_52be8406d0db3b83,INT
hash_24baf85486280784,BOOL
fileshareallowpaintjobdownload,BOOL
balances_retry_max,INT
hash_5d572e40a11f9784,FLOAT
hash_79c53035c95acf84,FLOAT
hash_2207562d76633784,BOOL
hash_45010e199e607b85,FLOAT
streammbpersecond,FLOAT
r_hdrsupported,BOOL
hash_470b9c9cbad5eb87,BOOL
hash_256144ebda864b87,INT
hash_7b7e1cadbd098787,BOOL
hash_4d5a11a47cdd2b87,FLOAT
dynent_shouldcullentitiesforsplitscreen,BOOL
ui_currmenunamelist,STRING
hash_6cc0ad043b9fd789,BOOL
hash_4fb9ea0ee7bb8b89,INT
tu8_enabledurableproductsexchange,STRING
bg_viewkickscale,FLOAT
hash_a08bda84223538b,BOOL
hash_443efac4e1bfd38b,FLOAT
wind_grass_gust_radius,FLOAT
sv_endgameifisuck,BOOL
demo_client,INT
r_atmosphereinscatterstrength,FLOAT
leavewithpartyenabled,BOOL
hash_7c246aa543012b8d,FLOAT
hash_119bc4809494df8d,BOOL
hash_1adff08e00439b8d,BOOL
hash_6e2e07358cbcb38e,INT
hash_4b6a0aee5ddc5b8e,BOOL
hash_46a675bad111878e,INT
r_poisonfx_blurmax,FLOAT
com_maxfps_inactive,INT
hash_66b0e1722e78978f,BOOL
g_gametype,STRING
hash_405b7cbb99542791,INT
mp_gate,INT
hash_411e702789ea3b92,INT
hash_3be0d3b0630b5392,INT
hash_65c698fdade34f92,STRING
hash_3f1f1151d2d4b392,FLOAT
r_lockframerateto30hz_enable,BOOL
r_fogsunouter,FLOAT
hash_9b87297565b0793,FLOAT
g_revivetime,FLOAT
enable_season_pass_incentive,STRING
hash_710f03a2b2f80f94,BOOL
r_fullscreenmode,STRING
hash_17eb00dcf8fb5394,BOOL
defaultclasssetcount,INT
hash_36864742449ef795,INT
emblemmovespeed,FLOAT
hash_3c2244768e13f395,FLOAT
hash_5f9d7e6d4ac41f96,BOOL
ui_enableallheroes,BOOL
hash_2356e83573311397,INT
hash_3a6b6b9a3617ab97,INT
cg_lagometer_pos,FLOAT_2
hash_a8b5a5434a99797,INT
hash_7f480631f4533f97,BOOL
ui_execdemo_cp,BOOL
lobbysearchpingbandweight3,FLOAT
hash_117dd385ac295799,INT
contracts_enabled_zm,STRING
hash_7dc83a0614194b9a,BOOL
platformsessionpartyprivacy,BOOL
cg_healthperbar,INT
ui_keyboardtitle,STRING
hash_1f9b69e79c09279d,STRING
hash_5cf4ddcb59fbfb9d,BOOL
live_pubsemaphoreforcechange,BOOL
hash_50e5f4dc6a983b9e,BOOL
demo_freecameralockonorbitradius,FLOAT
r_picfxmip,INT
lootxp_multiplier,FLOAT
hash_8efc76077fbef9f,BOOL
ui_execdemo_gamescom,BOOL
hash_343566b136f7f9f,BOOL
bg_allowplayerroletemplatebuttonoverrides,BOOL
hash_1be82680d771cfa1,STRING
hash_b32a341eb75b3a1,FLOAT
hash_3cdd8ea4ffed87a1,BOOL
hash_57127fa8a0be9fa1,BOOL
liveneverhostserver,BOOL
hash_2f36e6408b1633a2,FLOAT
hash_65b3b55b54e447a2,BOOL
hash_e498c1bde6ab7a4,FLOAT
preload_enable,BOOL
hash_4cc680a8a93c7ba5,STRING
hash_4aff672a1d14eba5,INT
lobbylaunch_fadetoblackdelayonconnect,INT
r_fxshadows,BOOL
paintjobversion,INT
r_shaderdebug,FLOAT
g_speed,INT
store_item_viewed_timer,INT
hash_19e08a5fe4301ba7,INT
ui_demoname,STRING
probation_league_matchhistorywindow,INT
player_lean_shift_crouch,FLOAT_2
hash_5a09e204dab3cfa9,BOOL
cg_drawcrosshair,BOOL
hash_22f4a491c019bfaa,INT
perk_disarmexplosivetime,FLOAT
loc_warnings,BOOL
hash_3e9e1ba445014bad,STRING
g_pickuppromptsfordroppedweapons,BOOL
ui_lastserverrefresh_2,STRING
lobbymultiplaylistsearchenabled,BOOL
lobby_clientcontenttimeout,INT
hash_3a286bd7ac2b73af,ENUM
hash_9026c336887ebaf,BOOL
hash_55e3bd07560e47af,BOOL
bg_warmode_version,INT
hash_5acaef3bd9deffb0,INT
hash_3ade7bb27dadffb0,INT
hash_1cb83c519f773b0,BOOL
hash_138e4c481ef6cfb1,FLOAT
hash_22d2a8840b095bb1,BOOL
hash_129b19fd7a6817b1,BOOL
bot_difficulty,INT
nv_texturereleaseframedelay,INT
hash_57cb240133332bb3,INT
fx_debugbolt,INT
lobby_hostintervalstate,INT
vc_lut,INT
long_blocking_call,BOOL
perk_fireproof,FLOAT
hash_382b5fc979e45fb5,BOOL
hash_4c05dba997a6f3b6,BOOL
hash_56d8c90edb7a97b6,INT
testmissingcontentpacks,BOOL
player_meleechargemaxspeed,FLOAT
hash_44e528104a0867b6,BOOL
hash_4219df708b99ffb7,BOOL
qosmaxallowedping,INT
hash_739ee3602bebe3b8,FLOAT
r_exposureeyeweight,FLOAT
r_hdruimode,INT
hash_5428bf55583e77b9,BOOL
hash_2f94df7fa84f5bb9,FLOAT
hash_7a5edbf498f353b9,BOOL
weapon_contract_incentive_id,INT
scr_weapon_allowsmoke,INT
hash_c3e7b4b702a9bbb,STRING
dwfilefetchtryintervalbase,INT
lobbysearchmaxlatencybanddiff,INT
hash_5cca59295a24c7bb,BOOL
ui_keyboard_dvar_edit,STRING
hash_620b1b26f04ae3bd,STRING
hash_7ccc30958e6433bd,BOOL
hash_45bf791748cf87bd,INT
hash_70e9b7babe37bd,FLOAT
player_lean_rotate,FLOAT_2
hash_47d1231c971c37be,FLOAT_2
r_num_viewports,INT
hash_214c9cdfd0f60bbf,BOOL
lobbyadvertisegeo4,INT64
hash_56d2d2c37df17bbf,BOOL
con_typewritercolorbase,FLOAT_3
trialstarttimestamp,INT
ui_liveeventvieweropen,BOOL
cg_drawgun,BOOL
r_motionblurstrength,FLOAT
ui_wzfeaturedonlycountries,STRING
hash_7503699cca242fc1,FLOAT
hash_4da039b4bc312fc1,FLOAT
snd_losocclusion,BOOL
hash_58eb1fc5a43c93c3,STRING
hash_1afe8b91b7b953c3,STRING
incentive_rare_drop_id,INT
hash_5bfa5bda576be7c4,STRING
scr_hardpoint_allowhelicopter_comlink,INT
hash_3dda8bf2ed6fd3c4,INT
player_sustainammo,BOOL
bg_viewkickmin,FLOAT
hash_66dd613db7550bc5,STRING
hash_5ec69ac2063217c5,FLOAT
ui_currfocusstates,STRING
live_store_enable_inventory,BOOL
hash_73370e245ce753c7,INT
cg_drawremotevehicleplayernames,BOOL
r_smaaquincunx,BOOL
hash_6b5ebb309618bbc7,BOOL
bg_shieldhitencodeheightvm,FLOAT_2
hash_4467c80c4ecd6fc8,BOOL
hash_2458eae04d698fc8,BOOL
hash_5c6e4a502cebf7c9,STRING
probation_league_timeoutscalar,FLOAT
statscheckxuidbeforestatsupload,INT
hash_6458dcd5cee10fc9,INT
fshenablerender,BOOL
demo_streamingadjustmentfactor,FLOAT
bg_boastenabled,BOOL
hash_5c97e7161905fca,BOOL
hash_5d53f826a3d8e7ca,BOOL
ai_debugcoverentitynum,INT
slide_subsequentslidescale,FLOAT
ui_hud_hardcore,BOOL
stats_version_check,BOOL
loot_enable_blackjack_reserves,BOOL
spawnsystem_player_explored_radius,FLOAT
fracture_enabled,STRING
cg_overheadnamessize,STRING
hash_11657453c0353bcd,BOOL
hash_139191929bda93cd,BOOL
hash_286d9d2943e6cfce,FLOAT
live_autoeventenabled,BOOL
hash_7a52c1173cfffce,ENUM
hash_39aacb8e93108fd0,BOOL
hash_526c340ae912bbd0,INT
hash_613337d08a1e77d0,BOOL
r_fogsunpitchoffset,FLOAT
devmaponline,STRING
hash_410d37e54a0fffd2,BOOL
hash_6f4680ccd8834fd3,BOOL
hash_4521d9a43705bfd3,INT
pcache_privacy,INT
hash_21fb85bef454e3d5,BOOL
r_eacpath_radius,FLOAT
hash_65cae0c7b12597d5,FLOAT
tu11_maxquadcachealloc,INT
r_stereo3dmode,INT
hash_5ecc866f94e2ebd7,INT
perk_sgjammer_min_speed,INT
demo_oldposinsteadofmapcenter,BOOL
lobbysearchgeo3weight,FLOAT
hash_b0bdb3ef892d7d9,ENUM
hash_61293701d73bdbd9,FLOAT
hash_429984a21f39abda,FLOAT
hash_6d9e21eb0696ebdb,BOOL
demo_downloadlivestreamthrottletime,INT
hash_ff893789b0b77dd,STRING
hash_36f6bd13a62217dd,STRING
hash_40fc50de45e853dd,FLOAT
cg_viewvehicleinfluencegunner_mode,INT
hash_100338abb04cf7dd,BOOL
vehicle_riding,BOOL
hash_4bd64730742f17de,INT
player_lean_shift,FLOAT_2
ui_lobbydebugextrainfoloc,FLOAT_2
r_ev_edgethickness,FLOAT
r_drawframedurationgraph,INT
r_postfxusetweaks,BOOL
path_double_wide_checks,BOOL
hash_53ef31f82cad4be1,STRING
arena_seasons,STRING
r_autolodcullradiusmultiplier,FLOAT
storage_offline,BOOL
party_maxplayers,INT
live_connect_mode,INT
hash_48b067ab167177e5,STRING
tu11_lootcryptoautoretry,BOOL
hash_35a6316421fa9fe6,STRING
hash_3b90a1b990fc23e6,STRING
sv_antilaganim,BOOL
hash_eb27cb88ea23be6,BOOL
hash_1cf03851ab5bd3e6,BOOL
cg_drawplayernameswhileinvehicle,BOOL
hash_2a63eb34b74263e8,BOOL
skill_onboardinggames,INT
lobbysearchexperimentdatacenter,INT
hash_7bac79300c5b2be9,FLOAT
hash_3a0d7234003eb7e9,FLOAT
wind_global_low_altitude,FLOAT
scr_hardpoint_allowradardirection,INT
behaviortrackerversionnumber,STRING
r_newlensflares_offscreen_buffer_size,FLOAT
hash_40a35b5979ff7ea,BOOL
melee_attachmentmultiplier,FLOAT
hash_4c7da38a71a237eb,INT
hash_4981fef18733c7eb,STRING
hash_77e69a2c092abfeb,FLOAT
hash_25b72598386ed3eb,FLOAT
hash_75b545f3138d67ec,BOOL
hash_7630b8588270c7ec,FLOAT
hash_313b499f592f3bec,FLOAT
r_ssao_gtaomid,FLOAT
hash_2ac80b17d42b3fec,BOOL
hash_5df8386a3346fec,BOOL
scr_writeconfigstrings,BOOL
hash_20997c814ed4b7ed,INT
hash_73fad8770f4b33ed,INT
hash_7d535a450689abed,FLOAT
hash_fe5d2d02eae97ee,FLOAT
g_fogcolorreadonly,COLOR
hash_164a9a28628343ef,STRING
hash_581b4229963577ef,FLOAT
hash_6d45b219d395cbef,INT
player_view_pitch_up,FLOAT
hash_4fb32ed9e49a83f0,INT
cg_paintshopforcecleardiskcache,STRING
marketing_enabled,BOOL
lobbysearchserverlocation4,INT
live_presence_features,INT64
demo_downloadstreammaxretryattemps,INT
hash_269003a7bb09f7f2,BOOL
hash_7fb460764851f3f2,BOOL
hash_41dd5534bae46bf3,BOOL
loc_forceenglish,BOOL
hash_680d17fdca90bf3,BOOL
hash_26ac3b03a7e7aff3,INT
groups_invites_refresh_time,INT
demo_recordingrate,INT
lobbyadvertiselatencyband,INT
hash_7de965000c54e7f5,INT
hash_20b4da74c0f667f6,INT
lobbymigrate_hostwaitms,INT
cg_playrenderoverridebundle,STRING
hash_7703b5cbe40b83f6,FLOAT
r_asynccompute,BOOL
hash_4115bcf8c9da27f8,BOOL
arena_seasonoverride,INT
r_fogsunyawoffset,FLOAT
ui_lobbydebugoverlay,BOOL
hash_68eb79e44f8157f9,FLOAT
hash_23c5d7207ebc0bf9,BOOL
hash_4e7a02edee964bf9,FLOAT
lobby_gestures_enabled,INT
blackboxmode,ENUM
ui_lobbydebugagreecountloc,FLOAT_2
lobbysearchgamesecurityid,UINT64
g_password,STRING
join_handshakewindow,INT
hash_1dc912e126a49bfb,INT
perk_nottargetedbyai_min_speed,INT
scr_game_pinups,INT
hash_4c83af8a71a6b7fd,INT
r_atmospheresunstrength,BOOL
hash_16d540a086685bfe,INT
r_ssaotechnique,ENUM
log_append,BOOL
bot_supported,BOOL
live_enablepolls,BOOL
player_laststanddistscale,FLOAT