season_2_stream,1545156000,1551204000,xbox
season_2_bonus_stream,1548784800,1551204000,xbox
season_3_stream,1551204000,1557248400,xbox
season_3_starter_pack,1551204000,1557248400,xbox
season_4_starter_pack,1557248400,1560272400,xbox
season_4_stream,1557248400,1560272400,xbox
early_season_4_loot_drop,1558112400,1560272400,xbox
season_5_stream,1560272400,1563296400,xbox
summer_break_bundle,1560272400,1563296400,xbox
fourth_of_july_event_stream,1562086800,1562691600,all
season_6_stream,1563296400,1565715600,xbox
season_7_stream,1565715600,1569862800,xbox
labor_day_event_stream,1567098000,1567530000,all
season_8_stream,1569862800,2147968800,xbox
season_9,1573581600,2147968800,xbox
zm_lab_titanium_treble_slot_1,1567530000,1581613200,all
digital_refresh_v3,1569862800,2147968800,xbox
reserves_drop_12,1573581600,2147968800,xbox
sunset_features,1573581600,2147364000,all
bribe_offer_launch,1573581600,1576000800,all
bribe_offer_holidays_2019,1576000800,2147364000,all
5_and_5_no_dupe_crate_bundle,1579111200,1579629600,all
half_off_nd_crate,1581616800,1582048800,all
half_off_nd_crate,1593709200,1594054800,all
10_and_20_no_dupe_crate_bundle,1590080400,1590685200,all
playlist_2xp_mp_server_nuketown,1572973200,1573585200,all
playlist_2xp_mp_client_nuketown,1572976800,1573581600,all
playlist_2xp_mp_server_long_term,1573578000,1576861200,all
playlist_2xp_mp_client_long_term,1573581600,1576857600,all
reserve_completion_meter,1573581600,2147364000,all
global_2xp_mp_server,1574874000,1575313200,all
global_2xp_mp_client,1574877600,1575309600,all
global_2xp_zm_server,1574874000,1575313200,all
global_2xp_zm_client,1574877600,1575309600,all
global_2x_merits_wz_server,1574874000,1575313200,all
global_2x_merits_wz_client,1574877600,1575309600,all
global_2wxp_mp_server,1574874000,1575313200,all
global_2wxp_mp_client,1574877600,1575309600,all
global_2wxp_zm_server,1574874000,1575313200,all
global_2wxp_zm_client,1574877600,1575309600,all
global_2xnp_zm_server,1574874000,1575313200,all
global_2xnp_zm_client,1574877600,1575309600,all
10_and_20_no_dupe_crate_bundle,1574877600,1575309600,all
zm_lab_tungsten_tripler_slot_2,1574877600,1575309600,all
global_2xp_mp_server,1576861200,1577991600,all
global_2xp_mp_client,1576864800,1577988000,all
global_2xp_zm_server,1576861200,1577991600,all
global_2xp_zm_client,1576864800,1577988000,all
global_2x_merits_wz_server,1576861200,1577991600,all
global_2x_merits_wz_client,1576864800,1577988000,all
global_2wxp_mp_server,1576861200,1577991600,all
global_2wxp_mp_client,1576864800,1577988000,all
global_2wxp_zm_server,1576861200,1577991600,all
global_2wxp_zm_client,1576864800,1577988000,all
global_2xnp_zm_server,1576861200,1577991600,all
global_2xnp_zm_client,1576864800,1577988000,all
playlist_2xp_mp_server_long_term,1577991600,1580403600,all
playlist_2xp_mp_client_long_term,1577995200,1580400000,all
10_and_20_no_dupe_crate_bundle,1576864800,1577988000,all
zm_lab_tungsten_tripler_slot_2,1576864800,1577988000,all
global_2wxp_zm_server,1579107600,1579633200,all
global_2wxp_zm_client,1579111200,1579629600,all
global_2xp_zm_server,1579107600,1579633200,all
global_2xp_zm_client,1579111200,1579629600,all
global_2xnp_zm_server,1579107600,1579633200,all
global_2xnp_zm_client,1579111200,1579629600,all
zm_lab_tungsten_tripler_slot_2,1579111200,1579629600,all
5_and_5_no_dupe_crate_bundle,1579111200,1579629600,all
global_2xp_mp_server,1580403600,1581015600,all
global_2xp_mp_client,1580407200,1581012000,all
global_2xp_zm_server,1580403600,1581015600,all
global_2xp_zm_client,1580407200,1581012000,all
playlist_2xp_mp_server_long_term,1581015600,1581613200,all
playlist_2xp_mp_client_long_term,1581019200,1581609600,all
5_and_5_no_dupe_crate_bundle,1580407200,1581012000,all
global_2xp_mp_server,1581613200,1582052400,all
global_2xp_mp_client,1581616800,1582048800,all
global_2xp_zm_server,1581613200,1582052400,all
global_2xp_zm_client,1581616800,1582048800,all
global_2x_merits_wz_server,1581613200,1582052400,all
global_2x_merits_wz_client,1581616800,1582048800,all
global_2wxp_mp_server,1581613200,1582052400,all
global_2wxp_mp_client,1581616800,1582048800,all
global_2wxp_zm_server,1581613200,1582052400,all
global_2wxp_zm_client,1581616800,1582048800,all
global_2xnp_zm_server,1581613200,1582052400,all
global_2xnp_zm_client,1581616800,1582048800,all
playlist_2xp_mp_server_long_term,1582052400,1586448000,all
playlist_2xp_mp_client_long_term,1582056000,1586444400,all
zm_lab_150_np_discount,1581616800,1582048800,all
half_off_nd_crate,1581616800,1582048800,all
zm_lab_titanium_treble_slot_1,1582048800,1590076800,all
global_2xtier_mp_server,1584028800,1584640800,all
global_2xtier_mp_client,1584032400,1584637200,all
global_2xtier_wz_server,1584028800,1584640800,all
global_2xtier_wz_client,1584032400,1584637200,all
5_and_5_no_dupe_crate_bundle,1584032400,1584637200,all
zm_lab_tungsten_tripler_slot_2,1584032400,1584637200,all
10_no_dupe_crate_bundle,1585242000,1585846800,all
global_2xp_mp_server,1586448000,1586800800,all
global_2xp_mp_client,1586451600,1586797200,all
global_2xp_zm_server,1586448000,1586800800,all
global_2xp_zm_client,1586451600,1586797200,all
global_2wxp_mp_server,1586448000,1586800800,all
global_2wxp_mp_client,1586451600,1586797200,all
global_2wxp_zm_server,1586448000,1586800800,all
global_2wxp_zm_client,1586451600,1586797200,all
playlist_2xp_mp_server_long_term,1586800800,1588262400,all
playlist_2xp_mp_client_long_term,1586804400,1588258800,all
5_and_5_no_dupe_crate_bundle,1586451600,1586797200,all
global_2xp_mp_server,1588262400,1589479200,all
global_2xp_mp_client,1588266000,1589475600,all
global_2xp_zm_server,1588262400,1589479200,all
global_2xp_zm_client,1588266000,1589475600,all
global_2xnp_zm_server,1588262400,1589479200,all
global_2xnp_zm_client,1588266000,1589475600,all
half_off_pick_weapon_bribes,1588870800,1589389200,all
free_pick_weapon_bribe_may_2020,1588870800,2145981600,all
playlist_2xp_mp_server_long_term,1589479200,1589558400,all
playlist_2xp_mp_client_long_term,1589482800,1589554800,all
zm_lab_tungsten_tripler_slot_2,1588266000,1589475600,all
global_2xp_mp_server,1589558400,1590688800,all
global_2xp_mp_client,1589562000,1590685200,all
global_2xp_zm_server,1589558400,1590688800,all
global_2xp_zm_client,1589562000,1590685200,all
global_2x_merits_wz_server,1589558400,1590688800,all
global_2x_merits_wz_client,1589562000,1590685200,all
global_2wxp_mp_server,1589558400,1590688800,all
global_2wxp_mp_client,1589562000,1590685200,all
global_2wxp_zm_server,1589558400,1590688800,all
global_2wxp_zm_client,1589562000,1590685200,all
global_2xnp_zm_server,1589558400,1590688800,all
global_2xnp_zm_client,1589562000,1590685200,all
playlist_2xp_mp_server_long_term,1590688800,1591891200,all
playlist_2xp_mp_client_long_term,1590692400,1591887600,all
10_and_20_no_dupe_crate_bundle,1589562000,1590685200,all
zm_lab_150_np_discount,1590685200,1591808400,all
zm_lab_titanium_treble_slot_1,1591808400,1596729600,all
global_2xp_mp_server,1591891200,1592503200,all
global_2xp_mp_client,1591894800,1592499600,all
global_2xp_zm_server,1591891200,1592503200,all
global_2xp_zm_client,1591894800,1592499600,all
global_2x_merits_wz_server,1591891200,1592503200,all
global_2x_merits_wz_client,1591894800,1592499600,all
global_2wxp_mp_server,1591891200,1592503200,all
global_2wxp_mp_client,1591894800,1592499600,all
global_2wxp_zm_server,1591891200,1592503200,all
global_2wxp_zm_client,1591894800,1592499600,all
global_2xnp_zm_server,1591891200,1592503200,all
global_2xnp_zm_client,1591894800,1592499600,all
playlist_2xp_mp_server_long_term,1592503200,1593705600,all
playlist_2xp_mp_client_long_term,1592506800,1593702000,all
half_off_nd_crate,1591894800,1592499600,all
global_2xnp_zm_server,1592582400,1593626400,all
global_2xnp_zm_client,1592586000,1593622800,all
zm_lab_tungsten_tripler_slot_2,1592586000,1593622800,all
global_2xp_mp_server,1593705600,1594836000,all
global_2xp_mp_client,1593709200,1594832400,all
global_2xp_zm_server,1593705600,1594836000,all
global_2xp_zm_client,1593709200,1594832400,all
global_2x_merits_wz_server,1593705600,1594836000,all
global_2x_merits_wz_client,1593709200,1594832400,all
global_2wxp_mp_server,1593705600,1594836000,all
global_2wxp_mp_client,1593709200,1594832400,all
global_2wxp_zm_server,1593705600,1594836000,all
global_2wxp_zm_client,1593709200,1594832400,all
global_2xnp_zm_server,1593705600,1594836000,all
global_2xnp_zm_client,1593709200,1594832400,all
playlist_2xp_mp_server_long_term,1594836000,1595520000,all
playlist_2xp_mp_client_long_term,1594839600,1595516400,all
half_off_nd_crate,1593709200,1594832400,all
zm_lab_tungsten_tripler_slot_2,1594314000,1594918800,all
global_2x_merits_wz_server,1594915200,1595440800,all
global_2x_merits_wz_client,1594918800,1595437200,all
global_2xtier_mp_server,1594915200,1595440800,all
global_2xtier_mp_client,1594918800,1595437200,all
global_2xtier_wz_server,1594915200,1595440800,all
global_2xtier_wz_client,1594918800,1595437200,all
half_off_nd_crate,1594918800,1595437200,all
global_2xp_mp_server,1595520000,1596132000,all
global_2xp_mp_client,1595523600,1596128400,all
global_2xp_zm_server,1595520000,1596132000,all
global_2xp_zm_client,1595523600,1596128400,all
global_2wxp_mp_server,1595520000,1596132000,all
global_2wxp_mp_client,1595523600,1596128400,all
global_2wxp_zm_server,1595520000,1596132000,all
global_2wxp_zm_client,1595523600,1596128400,all
playlist_2xp_mp_server_long_term,1596132000,1597334400,all
playlist_2xp_mp_client_long_term,1596135600,1597330800,all
10_and_20_no_dupe_crate_bundle,1595523600,1596128400,all
global_2xnp_zm_server,1596729600,1597082400,all
global_2xnp_zm_client,1596733200,1597078800,all
zm_lab_150_np_discount,1596733200,1597078800,all
zm_lab_titanium_treble_slot_1,1597078800,1599148800,all
global_2xp_mp_server,1597334400,1597773600,all
global_2xp_mp_client,1597338000,1597770000,all
global_2xp_zm_server,1597334400,1597773600,all
global_2xp_zm_client,1597338000,1597770000,all
global_2wxp_mp_server,1597334400,1597773600,all
global_2wxp_mp_client,1597338000,1597770000,all
global_2wxp_zm_server,1597334400,1597773600,all
global_2wxp_zm_client,1597338000,1597770000,all
playlist_2xp_mp_server_long_term,1597773600,1599148800,all
playlist_2xp_mp_client_long_term,1597777200,1599145200,all
10_and_20_no_dupe_crate_bundle,1597338000,1597770000,all
zm_lab_tungsten_tripler_slot_2,1598547600,1599152400,all
global_2xp_mp_server,1599148800,1599588000,all
global_2xp_mp_client,1599152400,1599584400,all
global_2xp_zm_server,1599148800,1599588000,all
global_2xp_zm_client,1599152400,1599584400,all
global_2x_merits_wz_server,1599148800,1599588000,all
global_2x_merits_wz_client,1599152400,1599584400,all
global_2wxp_mp_server,1599148800,1599588000,all
global_2wxp_mp_client,1599152400,1599584400,all
global_2wxp_zm_server,1599148800,1599588000,all
global_2wxp_zm_client,1599152400,1599584400,all
global_2xnp_zm_server,1599148800,1599588000,all
global_2xnp_zm_client,1599152400,1599584400,all
playlist_2xp_mp_server_long_term,1599588000,1600358400,all
playlist_2xp_mp_client_long_term,1599591600,1600354800,all
5_and_5_no_dupe_crate_bundle,1599152400,1599584400,all
zm_lab_150_np_discount,1599152400,1599584400,all
zm_lab_titanium_treble_slot_1,1599584400,1600963200,all
global_2xp_mp_server,1600358400,1600970400,all
global_2xp_mp_client,1600362000,1600966800,all
global_2xp_zm_server,1600358400,1600970400,all
global_2xp_zm_client,1600362000,1600966800,all
global_2wxp_mp_server,1600358400,1600970400,all
global_2wxp_mp_client,1600362000,1600966800,all
global_2wxp_zm_server,1600358400,1600970400,all
global_2wxp_zm_client,1600362000,1600966800,all
playlist_2xp_mp_server_long_term,1600970400,1601913600,all
playlist_2xp_mp_client_long_term,1600974000,1601910000,all
global_2xnp_zm_server,1600963200,1601316000,all
global_2xnp_zm_client,1600966800,1601312400,all
zm_lab_150_np_discount,1600966800,1601308800,all
zm_lab_titanium_treble_slot_1,1601312400,1601913600,all
zm_lab_150_np_discount,1601917200,1603990800,all
zm_lab_titanium_treble_slot_1,1603990800,1613062800,all
global_2xp_mp_server,1601913600,1604343600,all
global_2xp_mp_client,1601917200,1604340000,all
global_2xp_zm_server,1601913600,1604343600,all
global_2xp_zm_client,1601917200,1604340000,all
global_2x_merits_wz_server,1601913600,1604343600,all
global_2x_merits_wz_client,1601917200,1604340000,all
global_2wxp_mp_server,1601913600,1604343600,all
global_2wxp_mp_client,1601917200,1604340000,all
global_2wxp_zm_server,1601913600,1604343600,all
global_2wxp_zm_client,1601917200,1604340000,all
global_2xnp_zm_server,1601913600,1604343600,all
global_2xnp_zm_client,1601917200,1604340000,all
global_2xtier_mp_server,1601913600,1604343600,all
global_2xtier_mp_client,1601917200,1604340000,all
global_2xtier_wz_server,1601913600,1604343600,all
global_2xtier_wz_client,1601917200,1604340000,all
playlist_2xp_mp_server_long_term,1604343600,1606323600,all
playlist_2xp_mp_client_long_term,1604347200,1606320000,all
10_and_20_no_dupe_crate_bundle,1601917200,1604340000,all
half_off_nd_crate,1601917200,1604340000,all
zm_lab_tungsten_tripler_slot_2,1603990800,1604340000,all
global_2xp_mp_server,1606323600,1606762800,all
global_2xp_mp_client,1606327200,1606759200,all
global_2xp_zm_server,1606323600,1606762800,all
global_2xp_zm_client,1606327200,1606759200,all
global_2x_merits_wz_server,1606323600,1606762800,all
global_2x_merits_wz_client,1606327200,1606759200,all
global_2wxp_mp_server,1606323600,1606762800,all
global_2wxp_mp_client,1606327200,1606759200,all
global_2wxp_zm_server,1606323600,1606762800,all
global_2wxp_zm_client,1606327200,1606759200,all
global_2xnp_zm_server,1606323600,1606762800,all
global_2xnp_zm_client,1606327200,1606759200,all
playlist_2xp_mp_server_long_term,1606762800,1608310800,all
playlist_2xp_mp_client_long_term,1606766400,1608307200,all
10_and_20_no_dupe_crate_bundle,1606327200,1606759200,all
zm_lab_tungsten_tripler_slot_2,1606327200,1606759200,all
global_2xp_mp_server,1608310800,1609614000,all
global_2xp_mp_client,1608314400,1609610400,all
global_2xp_zm_server,1608310800,1609614000,all
global_2xp_zm_client,1608314400,1609610400,all
global_2x_merits_wz_server,1608310800,1609614000,all
global_2x_merits_wz_client,1608314400,1609610400,all
global_2wxp_mp_server,1608310800,1609614000,all
global_2wxp_mp_client,1608314400,1609610400,all
global_2wxp_zm_server,1608310800,1609614000,all
global_2wxp_zm_client,1608314400,1609610400,all
global_2xnp_zm_server,1608310800,1609614000,all
global_2xnp_zm_client,1608314400,1609610400,all
playlist_2xp_mp_server_long_term,1609614000,1612458000,all
playlist_2xp_mp_client_long_term,1609617600,1612454400,all
10_and_20_no_dupe_crate_bundle,1608314400,1609610400,all
zm_lab_tungsten_tripler_slot_2,1608314400,1609610400,all
global_2xp_zm_server,1610730000,1611255600,all
global_2xp_zm_client,1610733600,1611252000,all
global_2xnp_zm_server,1610730000,1611255600,all
global_2xnp_zm_client,1610733600,1611252000,all
zm_lab_tungsten_tripler_slot_2,1610733600,1611252000,all
5_and_5_no_dupe_crate_bundle,1610733600,1611252000,all
global_2xp_mp_server,1612458000,1613070000,all
global_2xp_mp_client,1612461600,1613066400,all
global_2xp_zm_server,1612458000,1613070000,all
global_2xp_zm_client,1612461600,1613066400,all
5_and_5_no_dupe_crate_bundle,1612461600,1613066400,all
global_2xp_mp_server,1613062800,1613502000,all
global_2xp_mp_client,1613066400,1613498400,all
global_2xp_zm_server,1613062800,1613502000,all
global_2xp_zm_client,1613066400,1613498400,all
global_2x_merits_wz_server,1613062800,1613502000,all
global_2x_merits_wz_client,1613066400,1613498400,all
global_2wxp_mp_server,1613062800,1613502000,all
global_2wxp_mp_client,1613066400,1613498400,all
global_2wxp_zm_server,1613062800,1613502000,all
global_2wxp_zm_client,1613066400,1613498400,all
global_2xnp_zm_server,1613062800,1613502000,all
global_2xnp_zm_client,1613066400,1613498400,all
playlist_2xp_mp_server_long_term,1613502000,1617292800,all
playlist_2xp_mp_client_long_term,1613505600,1617289200,all
zm_lab_150_np_discount,1613066400,1613498400,all
half_off_nd_crate,1613066400,1613498400,all
zm_lab_titanium_treble_slot_1,1613498400,1622131200,all
global_2xtier_mp_server,1615910400,1616522400,all
global_2xtier_mp_client,1615914000,1616518800,all
global_2xtier_wz_server,1615910400,1616522400,all
global_2xtier_wz_client,1615914000,1616518800,all
5_and_5_no_dupe_crate_bundle,1615914000,1616518800,all
zm_lab_tungsten_tripler_slot_2,1615914000,1616518800,all
10_no_dupe_crate_bundle,1616778000,1617382800,all
global_2xp_mp_server,1617292800,1617645600,all
global_2xp_mp_client,1617296400,1617642000,all
global_2xp_zm_server,1617292800,1617645600,all
global_2xp_zm_client,1617296400,1617642000,all
global_2wxp_mp_server,1617292800,1617645600,all
global_2wxp_mp_client,1617296400,1617642000,all
global_2wxp_zm_server,1617292800,1617645600,all
global_2wxp_zm_client,1617296400,1617642000,all
playlist_2xp_mp_server_long_term,1617645600,1620144000,all
playlist_2xp_mp_client_long_term,1617649200,1620140400,all
5_and_5_no_dupe_crate_bundle,1617296400,1617642000,all
global_2xp_mp_server,1620144000,1620756000,all
global_2xp_mp_client,1620147600,1620752400,all
global_2xp_zm_server,1620144000,1620756000,all
global_2xp_zm_client,1620147600,1620752400,all
global_2xnp_zm_server,1620144000,1620756000,all
global_2xnp_zm_client,1620147600,1620752400,all
playlist_2xp_mp_server_long_term,1620756000,1622131200,all
playlist_2xp_mp_client_long_term,1620759600,1622127600,all
zm_lab_tungsten_tripler_slot_2,1620147600,1620752400,all
global_2xp_mp_server,1622131200,1622743200,all
global_2xp_mp_client,1622134800,1622739600,all
global_2xp_zm_server,1622131200,1622743200,all
global_2xp_zm_client,1622134800,1622739600,all
global_2x_merits_wz_server,1622131200,1622743200,all
global_2x_merits_wz_client,1622134800,1622739600,all
global_2wxp_mp_server,1622131200,1622743200,all
global_2wxp_mp_client,1622134800,1622739600,all
global_2wxp_zm_server,1622131200,1622743200,all
global_2wxp_zm_client,1622134800,1622739600,all
global_2xnp_zm_server,1622131200,1622743200,all
global_2xnp_zm_client,1622134800,1622739600,all
playlist_2xp_mp_server_long_term,1622743200,1623340800,all
playlist_2xp_mp_client_long_term,1622746800,1623337200,all
10_and_20_no_dupe_crate_bundle,1622134800,1622739600,all
zm_lab_150_np_discount,1622134800,1622739600,all
zm_lab_titanium_treble_slot_1,1622739600,1628179200,all
global_2xp_mp_server,1623340800,1623952800,all
global_2xp_mp_client,1623344400,1623949200,all
global_2xp_zm_server,1623340800,1623952800,all
global_2xp_zm_client,1623344400,1623949200,all
global_2x_merits_wz_server,1623340800,1623952800,all
global_2x_merits_wz_client,1623344400,1623949200,all
global_2wxp_mp_server,1623340800,1623952800,all
global_2wxp_mp_client,1623344400,1623949200,all
global_2wxp_zm_server,1623340800,1623952800,all
global_2wxp_zm_client,1623344400,1623949200,all
global_2xnp_zm_server,1623340800,1623952800,all
global_2xnp_zm_client,1623344400,1623949200,all
playlist_2xp_mp_server_long_term,1623952800,1625155200,all
playlist_2xp_mp_client_long_term,1623956400,1625151600,all
half_off_nd_crate,1623344400,1623949200,all
global_2xnp_zm_server,1624550400,1624903200,all
global_2xnp_zm_client,1624554000,1624899600,all
zm_lab_tungsten_tripler_slot_2,1624554000,1624899600,all
global_2xp_mp_server,1625155200,1625508000,all
global_2xp_mp_client,1625158800,1625504400,all
global_2xp_zm_server,1625155200,1625508000,all
global_2xp_zm_client,1625158800,1625504400,all
global_2x_merits_wz_server,1625155200,1625508000,all
global_2x_merits_wz_client,1625158800,1625504400,all
global_2wxp_mp_server,1625155200,1625508000,all
global_2wxp_mp_client,1625158800,1625504400,all
global_2wxp_zm_server,1625155200,1625508000,all
global_2wxp_zm_client,1625158800,1625504400,all
global_2xnp_zm_server,1625155200,1625508000,all
global_2xnp_zm_client,1625158800,1625504400,all
playlist_2xp_mp_server_long_term,1625508000,1626969600,all
playlist_2xp_mp_client_long_term,1625511600,1626966000,all
half_off_nd_crate,1625158800,1625504400,all
zm_lab_tungsten_tripler_slot_2,1625763600,1626368400,all
global_2x_merits_wz_server,1626364800,1626804000,all
global_2x_merits_wz_client,1626368400,1626800400,all
global_2xtier_mp_server,1626364800,1626804000,all
global_2xtier_mp_client,1626368400,1626800400,all
global_2xtier_wz_server,1626364800,1626804000,all
global_2xtier_wz_client,1626368400,1626800400,all
half_off_nd_crate,1626368400,1626800400,all
global_2xp_mp_server,1626969600,1627581600,all
global_2xp_mp_client,1626973200,1627578000,all
global_2xp_zm_server,1626969600,1627581600,all
global_2xp_zm_client,1626973200,1627578000,all
global_2wxp_mp_server,1626969600,1627581600,all
global_2wxp_mp_client,1626973200,1627578000,all
global_2wxp_zm_server,1626969600,1627581600,all
global_2wxp_zm_client,1626973200,1627578000,all
playlist_2xp_mp_server_long_term,1627581600,1628784000,all
playlist_2xp_mp_client_long_term,1627585200,1628780400,all
10_and_20_no_dupe_crate_bundle,1626973200,1627578000,all
global_2xnp_zm_server,1628179200,1628532000,all
global_2xnp_zm_client,1628182800,1628528400,all
zm_lab_150_np_discount,1628182800,1628528400,all
zm_lab_titanium_treble_slot_1,1628528400,1630598400,all
global_2xp_mp_server,1628784000,1629223200,all
global_2xp_mp_client,1628787600,1629219600,all
global_2xp_zm_server,1628784000,1629223200,all
global_2xp_zm_client,1628787600,1629219600,all
global_2wxp_mp_server,1628784000,1629223200,all
global_2wxp_mp_client,1628787600,1629219600,all
global_2wxp_zm_server,1628784000,1629223200,all
global_2wxp_zm_client,1628787600,1629219600,all
playlist_2xp_mp_server_long_term,1629223200,1630598400,all
playlist_2xp_mp_client_long_term,1629226800,1630594800,all
10_and_20_no_dupe_crate_bundle,1628787600,1629219600,all
zm_lab_tungsten_tripler_slot_2,1629997200,1630602000,all
global_2xp_mp_server,1630598400,1631037600,all
global_2xp_mp_client,1630602000,1631034000,all
global_2xp_zm_server,1630598400,1631037600,all
global_2xp_zm_client,1630602000,1631034000,all
global_2x_merits_wz_server,1630598400,1631037600,all
global_2x_merits_wz_client,1630602000,1631034000,all
global_2wxp_mp_server,1630598400,1631037600,all
global_2wxp_mp_client,1630602000,1631034000,all
global_2wxp_zm_server,1630598400,1631037600,all
global_2wxp_zm_client,1630602000,1631034000,all
global_2xnp_zm_server,1630598400,1631037600,all
global_2xnp_zm_client,1630602000,1631034000,all
playlist_2xp_mp_server_long_term,1631037600,1631808000,all
playlist_2xp_mp_client_long_term,1631041200,1631804400,all
5_and_5_no_dupe_crate_bundle,1630602000,1631034000,all
zm_lab_150_np_discount,1630602000,1631034000,all
zm_lab_titanium_treble_slot_1,1631034000,1632412800,all
global_2xp_mp_server,1631808000,1632420000,all
global_2xp_mp_client,1631811600,1632416400,all
global_2xp_zm_server,1631808000,1632420000,all
global_2xp_zm_client,1631811600,1632416400,all
global_2wxp_mp_server,1631808000,1632420000,all
global_2wxp_mp_client,1631811600,1632416400,all
global_2wxp_zm_server,1631808000,1632420000,all
global_2wxp_zm_client,1631811600,1632416400,all
playlist_2xp_mp_server_long_term,1632420000,1633449600,all
playlist_2xp_mp_client_long_term,1632423600,1633446000,all
global_2xnp_zm_server,1632412800,1632765600,all
global_2xnp_zm_client,1632416400,1632762000,all
zm_lab_150_np_discount,1632416400,1632762000,all
zm_lab_titanium_treble_slot_1,1632762000,1633449600,all
zm_lab_150_np_discount,1633453200,1635526800,all
zm_lab_titanium_treble_slot_1,1635526800,1644512400,all
global_2xp_mp_server,1633449600,1635876000,all
global_2xp_mp_client,1633453200,1635872400,all
global_2xp_zm_server,1633449600,1635876000,all
global_2xp_zm_client,1633453200,1635872400,all
global_2x_merits_wz_server,1633449600,1635876000,all
global_2x_merits_wz_client,1633453200,1635872400,all
global_2wxp_mp_server,1633449600,1635876000,all
global_2wxp_mp_client,1633453200,1635872400,all
global_2wxp_zm_server,1633449600,1635876000,all
global_2wxp_zm_client,1633453200,1635872400,all
global_2xnp_zm_server,1633449600,1635876000,all
global_2xnp_zm_client,1633453200,1635872400,all
global_2xtier_mp_server,1633449600,1635876000,all
global_2xtier_mp_client,1633453200,1635872400,all
global_2xtier_wz_server,1633449600,1635876000,all
global_2xtier_wz_client,1633453200,1635872400,all
playlist_2xp_mp_server_long_term,1635876000,1637773200,all
playlist_2xp_mp_client_long_term,1635879600,1637769600,all
10_and_20_no_dupe_crate_bundle,1633453200,1635872400,all
half_off_nd_crate,1633453200,1635872400,all
zm_lab_tungsten_tripler_slot_2,1635526800,1635872400,all
global_2xp_mp_server,1637773200,1638212400,all
global_2xp_mp_client,1637776800,1638208800,all
global_2xp_zm_server,1637773200,1638212400,all
global_2xp_zm_client,1637776800,1638208800,all
global_2x_merits_wz_server,1637773200,1638212400,all
global_2x_merits_wz_client,1637776800,1638208800,all
global_2wxp_mp_server,1637773200,1638212400,all
global_2wxp_mp_client,1637776800,1638208800,all
global_2wxp_zm_server,1637773200,1638212400,all
global_2wxp_zm_client,1637776800,1638208800,all
global_2xnp_zm_server,1637773200,1638212400,all
global_2xnp_zm_client,1637776800,1638208800,all
playlist_2xp_mp_server_long_term,1638212400,1639760400,all
playlist_2xp_mp_client_long_term,1638216000,1639756800,all
10_and_20_no_dupe_crate_bundle,1637776800,1638208800,all
zm_lab_tungsten_tripler_slot_2,1637776800,1638208800,all
global_2xp_mp_server,1639760400,1641236400,all
global_2xp_mp_client,1639764000,1641232800,all
global_2xp_zm_server,1639760400,1641236400,all
global_2xp_zm_client,1639764000,1641232800,all
global_2x_merits_wz_server,1639760400,1641236400,all
global_2x_merits_wz_client,1639764000,1641232800,all
global_2wxp_mp_server,1639760400,1641236400,all
global_2wxp_mp_client,1639764000,1641232800,all
global_2wxp_zm_server,1639760400,1641236400,all
global_2wxp_zm_client,1639764000,1641232800,all
global_2xnp_zm_server,1639760400,1641236400,all
global_2xnp_zm_client,1639764000,1641232800,all
playlist_2xp_mp_server_long_term,1641236400,1643907600,all
playlist_2xp_mp_client_long_term,1641240000,1643904000,all
10_and_20_no_dupe_crate_bundle,1639764000,1641232800,all
zm_lab_tungsten_tripler_slot_2,1639764000,1641232800,all
global_2xp_zm_server,1642266000,1642878000,all
global_2xp_zm_client,1642269600,1642874400,all
global_2xnp_zm_server,1642266000,1642878000,all
global_2xnp_zm_client,1642269600,1642874400,all
zm_lab_tungsten_tripler_slot_2,1642269600,1642874400,all
5_and_5_no_dupe_crate_bundle,1642269600,1642874400,all
global_2xp_mp_server,1643907600,1644519600,all
global_2xp_mp_client,1643911200,1644516000,all
global_2xp_zm_server,1643907600,1644519600,all
global_2xp_zm_client,1643911200,1644516000,all
5_and_5_no_dupe_crate_bundle,1643911200,1644516000,all
global_2xp_mp_server,1644512400,1644951600,all
global_2xp_mp_client,1644516000,1644948000,all
global_2xp_zm_server,1644512400,1644951600,all
global_2xp_zm_client,1644516000,1644948000,all
global_2x_merits_wz_server,1644512400,1644951600,all
global_2x_merits_wz_client,1644516000,1644948000,all
global_2wxp_mp_server,1644512400,1644951600,all
global_2wxp_mp_client,1644516000,1644948000,all
global_2wxp_zm_server,1644512400,1644951600,all
global_2wxp_zm_client,1644516000,1644948000,all
global_2xnp_zm_server,1644512400,1644951600,all
global_2xnp_zm_client,1644516000,1644948000,all
playlist_2xp_mp_server_long_term,1644951600,1649952000,all
playlist_2xp_mp_client_long_term,1644955200,1649948400,all
zm_lab_150_np_discount,1644516000,1644948000,all
half_off_nd_crate,1644516000,1644948000,all
zm_lab_titanium_treble_slot_1,1644948000,1653580800,all
global_2xtier_mp_server,1647446400,1648058400,all
global_2xtier_mp_client,1647450000,1648054800,all
global_2xtier_wz_server,1647446400,1648058400,all
global_2xtier_wz_client,1647450000,1648054800,all
5_and_5_no_dupe_crate_bundle,1647450000,1648054800,all
zm_lab_tungsten_tripler_slot_2,1647450000,1648054800,all
10_no_dupe_crate_bundle,1648141200,1648746000,all
global_2xp_mp_server,1649952000,1650304800,all
global_2xp_mp_client,1649955600,1650301200,all
global_2xp_zm_server,1649952000,1650304800,all
global_2xp_zm_client,1649955600,1650301200,all
global_2wxp_mp_server,1649952000,1650304800,all
global_2wxp_mp_client,1649955600,1650301200,all
global_2wxp_zm_server,1649952000,1650304800,all
global_2wxp_zm_client,1649955600,1650301200,all
playlist_2xp_mp_server_long_term,1650304800,1651680000,all
playlist_2xp_mp_client_long_term,1650308400,1651676400,all
5_and_5_no_dupe_crate_bundle,1649955600,1650301200,all
global_2xp_mp_server,1651680000,1652292000,all
global_2xp_mp_client,1651683600,1652288400,all
global_2xp_zm_server,1651680000,1652292000,all
global_2xp_zm_client,1651683600,1652288400,all
global_2xnp_zm_server,1651680000,1652292000,all
global_2xnp_zm_client,1651683600,1652288400,all
playlist_2xp_mp_server_long_term,1652292000,1653580800,all
playlist_2xp_mp_client_long_term,1652295600,1653577200,all
zm_lab_tungsten_tripler_slot_2,1651683600,1652288400,all
global_2xp_mp_server,1653580800,1654192800,all
global_2xp_mp_client,1653584400,1654189200,all
global_2xp_zm_server,1653580800,1654192800,all
global_2xp_zm_client,1653584400,1654189200,all
global_2x_merits_wz_server,1653580800,1654192800,all
global_2x_merits_wz_client,1653584400,1654189200,all
global_2wxp_mp_server,1653580800,1654192800,all
global_2wxp_mp_client,1653584400,1654189200,all
global_2wxp_zm_server,1653580800,1654192800,all
global_2wxp_zm_client,1653584400,1654189200,all
global_2xnp_zm_server,1653580800,1654192800,all
global_2xnp_zm_client,1653584400,1654189200,all
playlist_2xp_mp_server_long_term,1654192800,1654790400,all
playlist_2xp_mp_client_long_term,1654196400,1654786800,all
10_and_20_no_dupe_crate_bundle,1653584400,1654189200,all
zm_lab_150_np_discount,1653584400,1654189200,all
zm_lab_titanium_treble_slot_1,1654189200,1659628800,all
global_2xp_mp_server,1654790400,1655402400,all
global_2xp_mp_client,1654794000,1655398800,all
global_2xp_zm_server,1654790400,1655402400,all
global_2xp_zm_client,1654794000,1655398800,all
global_2x_merits_wz_server,1654790400,1655402400,all
global_2x_merits_wz_client,1654794000,1655398800,all
global_2wxp_mp_server,1654790400,1655402400,all
global_2wxp_mp_client,1654794000,1655398800,all
global_2wxp_zm_server,1654790400,1655402400,all
global_2wxp_zm_client,1654794000,1655398800,all
global_2xnp_zm_server,1654790400,1655402400,all
global_2xnp_zm_client,1654794000,1655398800,all
playlist_2xp_mp_server_long_term,1655402400,1656604800,all
playlist_2xp_mp_client_long_term,1655406000,1656601200,all
half_off_nd_crate,1654794000,1655398800,all
global_2xnp_zm_server,1656000000,1656352800,all
global_2xnp_zm_client,1656003600,1656349200,all
zm_lab_tungsten_tripler_slot_2,1656003600,1656349200,all
global_2xp_mp_server,1656604800,1657044000,all
global_2xp_mp_client,1656608400,1657040400,all
global_2xp_zm_server,1656604800,1657044000,all
global_2xp_zm_client,1656608400,1657040400,all
global_2x_merits_wz_server,1656604800,1657044000,all
global_2x_merits_wz_client,1656608400,1657040400,all
global_2wxp_mp_server,1656604800,1657044000,all
global_2wxp_mp_client,1656608400,1657040400,all
global_2wxp_zm_server,1656604800,1657044000,all
global_2wxp_zm_client,1656608400,1657040400,all
global_2xnp_zm_server,1656604800,1657044000,all
global_2xnp_zm_client,1656608400,1657040400,all
playlist_2xp_mp_server_long_term,1657044000,1658419200,all
playlist_2xp_mp_client_long_term,1657047600,1658415600,all
half_off_nd_crate,1656608400,1657040400,all
zm_lab_tungsten_tripler_slot_2,1657213200,1657818000,all
global_2x_merits_wz_server,1657814400,1658253600,all
global_2x_merits_wz_client,1657818000,1658250000,all
global_2xtier_mp_server,1657814400,1658253600,all
global_2xtier_mp_client,1657818000,1658250000,all
global_2xtier_wz_server,1657814400,1658253600,all
global_2xtier_wz_client,1657818000,1658250000,all
half_off_nd_crate,1657818000,1658250000,all
global_2xp_mp_server,1658419200,1659031200,all
global_2xp_mp_client,1658422800,1659027600,all
global_2xp_zm_server,1658419200,1659031200,all
global_2xp_zm_client,1658422800,1659027600,all
global_2wxp_mp_server,1658419200,1659031200,all
global_2wxp_mp_client,1658422800,1659027600,all
global_2wxp_zm_server,1658419200,1659031200,all
global_2wxp_zm_client,1658422800,1659027600,all
playlist_2xp_mp_server_long_term,1659031200,1660233600,all
playlist_2xp_mp_client_long_term,1659034800,1660230000,all
10_and_20_no_dupe_crate_bundle,1658422800,1659027600,all
global_2xnp_zm_server,1659628800,1659981600,all
global_2xnp_zm_client,1659632400,1659978000,all
zm_lab_150_np_discount,1659632400,1659978000,all
zm_lab_titanium_treble_slot_1,1659978000,1662048000,all
global_2xp_mp_server,1660233600,1660672800,all
global_2xp_mp_client,1660237200,1660669200,all
global_2xp_zm_server,1660233600,1660672800,all
global_2xp_zm_client,1660237200,1660669200,all
global_2wxp_mp_server,1660233600,1660672800,all
global_2wxp_mp_client,1660237200,1660669200,all
global_2wxp_zm_server,1660233600,1660672800,all
global_2wxp_zm_client,1660237200,1660669200,all
playlist_2xp_mp_server_long_term,1660672800,1662048000,all
playlist_2xp_mp_client_long_term,1660676400,1662044400,all
10_and_20_no_dupe_crate_bundle,1660237200,1660669200,all
zm_lab_tungsten_tripler_slot_2,1661446800,1662051600,all
global_2xp_mp_server,1662048000,1662487200,all
global_2xp_mp_client,1662051600,1662483600,all
global_2xp_zm_server,1662048000,1662487200,all
global_2xp_zm_client,1662051600,1662483600,all
global_2x_merits_wz_server,1662048000,1662487200,all
global_2x_merits_wz_client,1662051600,1662483600,all
global_2wxp_mp_server,1662048000,1662487200,all
global_2wxp_mp_client,1662051600,1662483600,all
global_2wxp_zm_server,1662048000,1662487200,all
global_2wxp_zm_client,1662051600,1662483600,all
global_2xnp_zm_server,1662048000,1662487200,all
global_2xnp_zm_client,1662051600,1662483600,all
playlist_2xp_mp_server_long_term,1662487200,1663257600,all
playlist_2xp_mp_client_long_term,1662490800,1663254000,all
5_and_5_no_dupe_crate_bundle,1662051600,1662483600,all
zm_lab_150_np_discount,1662051600,1662483600,all
zm_lab_titanium_treble_slot_1,1662483600,1663862400,all
global_2xp_mp_server,1663257600,1663869600,all
global_2xp_mp_client,1663261200,1663866000,all
global_2xp_zm_server,1663257600,1663869600,all
global_2xp_zm_client,1663261200,1663866000,all
global_2wxp_mp_server,1663257600,1663869600,all
global_2wxp_mp_client,1663261200,1663866000,all
global_2wxp_zm_server,1663257600,1663869600,all
global_2wxp_zm_client,1663261200,1663866000,all
playlist_2xp_mp_server_long_term,1663869600,1664985600,all
playlist_2xp_mp_client_long_term,1663873200,1664982000,all
global_2xnp_zm_server,1663862400,1664215200,all
global_2xnp_zm_client,1663866000,1664211600,all
zm_lab_150_np_discount,1663866000,1664211600,all
zm_lab_titanium_treble_slot_1,1664211600,1664985600,all
zm_lab_150_np_discount,1664989200,1667062800,all
zm_lab_titanium_treble_slot_1,1667062800,1676048400,all
global_2xp_mp_server,1664985600,1667412000,all
global_2xp_mp_client,1664989200,1667408400,all
global_2xp_zm_server,1664985600,1667412000,all
global_2xp_zm_client,1664989200,1667408400,all
global_2x_merits_wz_server,1664985600,1667412000,all
global_2x_merits_wz_client,1664989200,1667408400,all
global_2wxp_mp_server,1664985600,1667412000,all
global_2wxp_mp_client,1664989200,1667408400,all
global_2wxp_zm_server,1664985600,1667412000,all
global_2wxp_zm_client,1664989200,1667408400,all
global_2xnp_zm_server,1664985600,1667412000,all
global_2xnp_zm_client,1664989200,1667408400,all
global_2xtier_mp_server,1664985600,1667412000,all
global_2xtier_mp_client,1664989200,1667408400,all
global_2xtier_wz_server,1664985600,1667412000,all
global_2xtier_wz_client,1664989200,1667408400,all
playlist_2xp_mp_server_long_term,1667412000,1669222800,all
playlist_2xp_mp_client_long_term,1667415600,1669219200,all
10_and_20_no_dupe_crate_bundle,1664989200,1667408400,all
half_off_nd_crate,1664989200,1667408400,all
zm_lab_tungsten_tripler_slot_2,1667062800,1667408400,all
global_2xp_mp_server,1669222800,1669662000,all
global_2xp_mp_client,1669226400,1669658400,all
global_2xp_zm_server,1669222800,1669662000,all
global_2xp_zm_client,1669226400,1669658400,all
global_2x_merits_wz_server,1669222800,1669662000,all
global_2x_merits_wz_client,1669226400,1669658400,all
global_2wxp_mp_server,1669222800,1669662000,all
global_2wxp_mp_client,1669226400,1669658400,all
global_2wxp_zm_server,1669222800,1669662000,all
global_2wxp_zm_client,1669226400,1669658400,all
global_2xnp_zm_server,1669222800,1669662000,all
global_2xnp_zm_client,1669226400,1669658400,all
playlist_2xp_mp_server_long_term,1669662000,1671210000,all
playlist_2xp_mp_client_long_term,1669665600,1671206400,all
10_and_20_no_dupe_crate_bundle,1669226400,1669658400,all
zm_lab_tungsten_tripler_slot_2,1669226400,1669658400,all
global_2xp_mp_server,1671210000,1672686000,all
global_2xp_mp_client,1671213600,1672682400,all
global_2xp_zm_server,1671210000,1672686000,all
global_2xp_zm_client,1671213600,1672682400,all
global_2x_merits_wz_server,1671210000,1672686000,all
global_2x_merits_wz_client,1671213600,1672682400,all
global_2wxp_mp_server,1671210000,1672686000,all
global_2wxp_mp_client,1671213600,1672682400,all
global_2wxp_zm_server,1671210000,1672686000,all
global_2wxp_zm_client,1671213600,1672682400,all
global_2xnp_zm_server,1671210000,1672686000,all
global_2xnp_zm_client,1671213600,1672682400,all
playlist_2xp_mp_server_long_term,1672686000,1675357200,all
playlist_2xp_mp_client_long_term,1672689600,1675353600,all
10_and_20_no_dupe_crate_bundle,1671213600,1672682400,all
zm_lab_tungsten_tripler_slot_2,1671213600,1672682400,all
global_2xp_zm_server,1673802000,1674414000,all
global_2xp_zm_client,1673805600,1674410400,all
global_2xnp_zm_server,1673802000,1674414000,all
global_2xnp_zm_client,1673805600,1674410400,all
zm_lab_tungsten_tripler_slot_2,1673805600,1674496800,all
5_and_5_no_dupe_crate_bundle,1673805600,1674496800,all
global_2xp_mp_server,1675357200,1675969200,all
global_2xp_mp_client,1675360800,1675965600,all
global_2xp_zm_server,1675357200,1675969200,all
global_2xp_zm_client,1675360800,1675965600,all
playlist_2xp_mp_server_long_term,1675969200,1676048400,all
playlist_2xp_mp_client_long_term,1675972800,1676044800,all
5_and_5_no_dupe_crate_bundle,1675360800,1675965600,all
global_2xp_mp_server,1676048400,1676487600,all
global_2xp_mp_client,1676052000,1676484000,all
global_2xp_zm_server,1676048400,1676487600,all
global_2xp_zm_client,1676052000,1676484000,all
global_2x_merits_wz_server,1676048400,1676487600,all
global_2x_merits_wz_client,1676052000,1676484000,all
global_2wxp_mp_server,1676048400,1676487600,all
global_2wxp_mp_client,1676052000,1676484000,all
global_2wxp_zm_server,1676048400,1676487600,all
global_2wxp_zm_client,1676052000,1676484000,all
global_2xnp_zm_server,1676048400,1676487600,all
global_2xnp_zm_client,1676052000,1676484000,all
playlist_2xp_mp_server_long_term,1676487600,1680796800,all
playlist_2xp_mp_client_long_term,1676491200,1680793200,all
zm_lab_150_np_discount,1676052000,1676484000,all
half_off_nd_crate,1676052000,1676484000,all
zm_lab_titanium_treble_slot_1,1676484000,1685030400,all
global_2xtier_mp_server,1678982400,1679594400,all
global_2xtier_mp_client,1678986000,1679590800,all
global_2xtier_wz_server,1678982400,1679594400,all
global_2xtier_wz_client,1678986000,1679590800,all
5_and_5_no_dupe_crate_bundle,1678986000,1679590800,all
zm_lab_tungsten_tripler_slot_2,1678986000,1679590800,all
10_no_dupe_crate_bundle,1679590800,1680195600,all
global_2xp_mp_server,1680796800,1681149600,all
global_2xp_mp_client,1680800400,1681146000,all
global_2xp_zm_server,1680796800,1681149600,all
global_2xp_zm_client,1680800400,1681146000,all
global_2wxp_mp_server,1680796800,1681149600,all
global_2wxp_mp_client,1680800400,1681146000,all
global_2wxp_zm_server,1680796800,1681149600,all
global_2wxp_zm_client,1680800400,1681146000,all
playlist_2xp_mp_server_long_term,1681149600,1683216000,all
playlist_2xp_mp_client_long_term,1681153200,1683212400,all
5_and_5_no_dupe_crate_bundle,1680800400,1681146000,all
global_2xp_mp_server,1683216000,1683828000,all
global_2xp_mp_client,1683219600,1683824400,all
global_2xp_zm_server,1683216000,1683828000,all
global_2xp_zm_client,1683219600,1683824400,all
global_2xnp_zm_server,1683216000,1683828000,all
global_2xnp_zm_client,1683219600,1683824400,all
playlist_2xp_mp_server_long_term,1683828000,1685030400,all
playlist_2xp_mp_client_long_term,1683831600,1685026800,all
zm_lab_tungsten_tripler_slot_2,1683219600,1683824400,all
global_2xp_mp_server,1685030400,1685642400,all
global_2xp_mp_client,1685034000,1685638800,all
global_2xp_zm_server,1685030400,1685642400,all
global_2xp_zm_client,1685034000,1685638800,all
global_2x_merits_wz_server,1685030400,1685642400,all
global_2x_merits_wz_client,1685034000,1685638800,all
global_2wxp_mp_server,1685030400,1685642400,all
global_2wxp_mp_client,1685034000,1685638800,all
global_2wxp_zm_server,1685030400,1685642400,all
global_2wxp_zm_client,1685034000,1685638800,all
global_2xnp_zm_server,1685030400,1685642400,all
global_2xnp_zm_client,1685034000,1685638800,all
playlist_2xp_mp_server_long_term,1685642400,1686240000,all
playlist_2xp_mp_client_long_term,1685646000,1686236400,all
10_and_20_no_dupe_crate_bundle,1685034000,1685638800,all
zm_lab_150_np_discount,1685034000,1685638800,all
zm_lab_titanium_treble_slot_1,1685638800,1691078400,all
global_2xp_mp_server,1686240000,1686852000,all
global_2xp_mp_client,1686243600,1686848400,all
global_2xp_zm_server,1686240000,1686852000,all
global_2xp_zm_client,1686243600,1686848400,all
global_2x_merits_wz_server,1686240000,1686852000,all
global_2x_merits_wz_client,1686243600,1686848400,all
global_2wxp_mp_server,1686240000,1686852000,all
global_2wxp_mp_client,1686243600,1686848400,all
global_2wxp_zm_server,1686240000,1686852000,all
global_2wxp_zm_client,1686243600,1686848400,all
global_2xnp_zm_server,1686240000,1686852000,all
global_2xnp_zm_client,1686243600,1686848400,all
playlist_2xp_mp_server_long_term,1686852000,1688140800,all
playlist_2xp_mp_client_long_term,1686855600,1688137200,all
half_off_nd_crate,1686243600,1686848400,all
global_2xnp_zm_server,1687363200,1687802400,all
global_2xnp_zm_client,1687366800,1687798800,all
zm_lab_tungsten_tripler_slot_2,1687366800,1687798800,all
global_2xp_mp_server,1688140800,1688580000,all
global_2xp_mp_client,1688144400,1688576400,all
global_2xp_zm_server,1688140800,1688580000,all
global_2xp_zm_client,1688144400,1688576400,all
global_2x_merits_wz_server,1688140800,1688580000,all
global_2x_merits_wz_client,1688144400,1688576400,all
global_2wxp_mp_server,1688140800,1688580000,all
global_2wxp_mp_client,1688144400,1688576400,all
global_2wxp_zm_server,1688140800,1688580000,all
global_2wxp_zm_client,1688144400,1688576400,all
global_2xnp_zm_server,1688140800,1688580000,all
global_2xnp_zm_client,1688144400,1688576400,all
playlist_2xp_mp_server_long_term,1688580000,1689868800,all
playlist_2xp_mp_client_long_term,1688583600,1689865200,all
half_off_nd_crate,1688144400,1688576400,all
zm_lab_tungsten_tripler_slot_2,1688662800,1689267600,all
global_2x_merits_wz_server,1689264000,1689703200,all
global_2x_merits_wz_client,1689267600,1689699600,all
global_2xtier_mp_server,1689264000,1689703200,all
global_2xtier_mp_client,1689267600,1689699600,all
global_2xtier_wz_server,1689264000,1689703200,all
global_2xtier_wz_client,1689267600,1689699600,all
half_off_nd_crate,1689267600,1689699600,all
global_2xp_mp_server,1689868800,1690480800,all
global_2xp_mp_client,1689872400,1690477200,all
global_2xp_zm_server,1689868800,1690480800,all
global_2xp_zm_client,1689872400,1690477200,all
global_2wxp_mp_server,1689868800,1690480800,all
global_2wxp_mp_client,1689872400,1690477200,all
global_2wxp_zm_server,1689868800,1690480800,all
global_2wxp_zm_client,1689872400,1690477200,all
playlist_2xp_mp_server_long_term,1690480800,1691683200,all
playlist_2xp_mp_client_long_term,1690484400,1691679600,all
10_and_20_no_dupe_crate_bundle,1689872400,1690477200,all
global_2xnp_zm_server,1691078400,1691431200,all
global_2xnp_zm_client,1691082000,1691427600,all
zm_lab_150_np_discount,1691082000,1691427600,all
zm_lab_titanium_treble_slot_1,1691427600,1693497600,all
global_2xp_mp_server,1691683200,1692122400,all
global_2xp_mp_client,1691686800,1692118800,all
global_2xp_zm_server,1691683200,1692122400,all
global_2xp_zm_client,1691686800,1692118800,all
global_2wxp_mp_server,1691683200,1692122400,all
global_2wxp_mp_client,1691686800,1692118800,all
global_2wxp_zm_server,1691683200,1692122400,all
global_2wxp_zm_client,1691686800,1692118800,all
playlist_2xp_mp_server_long_term,1692122400,1693497600,all
playlist_2xp_mp_client_long_term,1692126000,1693494000,all
10_and_20_no_dupe_crate_bundle,1691686800,1692118800,all
zm_lab_tungsten_tripler_slot_2,1692896400,1693501200,all
global_2xp_mp_server,1693497600,1693936800,all
global_2xp_mp_client,1693501200,1693933200,all
global_2xp_zm_server,1693497600,1693936800,all
global_2xp_zm_client,1693501200,1693933200,all
global_2x_merits_wz_server,1693497600,1693936800,all
global_2x_merits_wz_client,1693501200,1693933200,all
global_2wxp_mp_server,1693497600,1693936800,all
global_2wxp_mp_client,1693501200,1693933200,all
global_2wxp_zm_server,1693497600,1693936800,all
global_2wxp_zm_client,1693501200,1693933200,all
global_2xnp_zm_server,1693497600,1693936800,all
global_2xnp_zm_client,1693501200,1693933200,all
playlist_2xp_mp_server_long_term,1693936800,1694707200,all
playlist_2xp_mp_client_long_term,1693940400,1694703600,all
5_and_5_no_dupe_crate_bundle,1693501200,1693933200,all
zm_lab_150_np_discount,1693501200,1693933200,all
zm_lab_titanium_treble_slot_1,1693933200,1695312000,all
global_2xp_mp_server,1694707200,1695319200,all
global_2xp_mp_client,1694710800,1695315600,all
global_2xp_zm_server,1694707200,1695319200,all
global_2xp_zm_client,1694710800,1695315600,all
global_2wxp_mp_server,1694707200,1695319200,all
global_2wxp_mp_client,1694710800,1695315600,all
global_2wxp_zm_server,1694707200,1695319200,all
global_2wxp_zm_client,1694710800,1695315600,all
playlist_2xp_mp_server_long_term,1695319200,1696521600,all
playlist_2xp_mp_client_long_term,1695322800,1696518000,all
global_2xnp_zm_server,1695312000,1695664800,all
global_2xnp_zm_client,1695315600,1695661200,all
zm_lab_150_np_discount,1695315600,1695661200,all
zm_lab_titanium_treble_slot_1,1695661200,1696521600,all
zm_lab_150_np_discount,1696525200,1698598800,all
zm_lab_titanium_treble_slot_1,1698598800,1707498000,all
global_2xp_mp_server,1696521600,1698948000,all
global_2xp_mp_client,1696525200,1698944400,all
global_2xp_zm_server,1696521600,1698948000,all
global_2xp_zm_client,1696525200,1698944400,all
global_2x_merits_wz_server,1696521600,1698948000,all
global_2x_merits_wz_client,1696525200,1698944400,all
global_2wxp_mp_server,1696521600,1698948000,all
global_2wxp_mp_client,1696525200,1698944400,all
global_2wxp_zm_server,1696521600,1698948000,all
global_2wxp_zm_client,1696525200,1698944400,all
global_2xnp_zm_server,1696521600,1698948000,all
global_2xnp_zm_client,1696525200,1698944400,all
global_2xtier_mp_server,1696521600,1698948000,all
global_2xtier_mp_client,1696525200,1698944400,all
global_2xtier_wz_server,1696521600,1698948000,all
global_2xtier_wz_client,1696525200,1698944400,all
playlist_2xp_mp_server_long_term,1698948000,1700586000,all
playlist_2xp_mp_client_long_term,1698951600,1700582400,all
10_and_20_no_dupe_crate_bundle,1696525200,1698944400,all
half_off_nd_crate,1696525200,1698944400,all
zm_lab_tungsten_tripler_slot_2,1698598800,1698944400,all
global_2xp_mp_server,1700586000,1701111600,all
global_2xp_mp_client,1700589600,1701108000,all
global_2xp_zm_server,1700586000,1701111600,all
global_2xp_zm_client,1700589600,1701108000,all
global_2x_merits_wz_server,1700586000,1701111600,all
global_2x_merits_wz_client,1700589600,1701108000,all
global_2wxp_mp_server,1700586000,1701111600,all
global_2wxp_mp_client,1700589600,1701108000,all
global_2wxp_zm_server,1700586000,1701111600,all
global_2wxp_zm_client,1700589600,1701108000,all
global_2xnp_zm_server,1700586000,1701111600,all
global_2xnp_zm_client,1700589600,1701108000,all
playlist_2xp_mp_server_long_term,1701111600,1702659600,all
playlist_2xp_mp_client_long_term,1701115200,1702656000,all
10_and_20_no_dupe_crate_bundle,1700589600,1701108000,all
zm_lab_tungsten_tripler_slot_2,1700589600,1701108000,all
global_2xp_mp_server,1702659600,1704222000,all
global_2xp_mp_client,1702663200,1704218400,all
global_2xp_zm_server,1702659600,1704222000,all
global_2xp_zm_client,1702663200,1704218400,all
global_2x_merits_wz_server,1702659600,1704222000,all
global_2x_merits_wz_client,1702663200,1704218400,all
global_2wxp_mp_server,1702659600,1704222000,all
global_2wxp_mp_client,1702663200,1704218400,all
global_2wxp_zm_server,1702659600,1704222000,all
global_2wxp_zm_client,1702663200,1704218400,all
global_2xnp_zm_server,1702659600,1704222000,all
global_2xnp_zm_client,1702663200,1704218400,all
playlist_2xp_mp_server_long_term,1704222000,1706806800,all
playlist_2xp_mp_client_long_term,1704225600,1706803200,all
10_and_20_no_dupe_crate_bundle,1702663200,1704218400,all
zm_lab_tungsten_tripler_slot_2,1702663200,1704218400,all
global_2xp_zm_server,1705338000,1705950000,all
global_2xp_zm_client,1705341600,1705946400,all
global_2xnp_zm_server,1705338000,1705950000,all
global_2xnp_zm_client,1705341600,1705946400,all
zm_lab_tungsten_tripler_slot_2,1705341600,1705946400,all
5_and_5_no_dupe_crate_bundle,1705341600,1705946400,all
global_2xp_mp_server,1706806800,1707418800,all
global_2xp_mp_client,1706810400,1707415200,all
global_2xp_zm_server,1706806800,1707418800,all
global_2xp_zm_client,1706810400,1707415200,all
playlist_2xp_mp_server_long_term,1707418800,1707498000,all
playlist_2xp_mp_client_long_term,1707422400,1707494400,all
5_and_5_no_dupe_crate_bundle,1706810400,1707415200,all
global_2xp_mp_server,1707498000,1708110000,all
global_2xp_mp_client,1707501600,1708106400,all
global_2xp_zm_server,1707498000,1708110000,all
global_2xp_zm_client,1707501600,1708106400,all
global_2x_merits_wz_server,1707498000,1708110000,all
global_2x_merits_wz_client,1707501600,1708106400,all
global_2wxp_mp_server,1707498000,1708110000,all
global_2wxp_mp_client,1707501600,1708106400,all
global_2wxp_zm_server,1707498000,1708110000,all
global_2wxp_zm_client,1707501600,1708106400,all
global_2xnp_zm_server,1707498000,1708110000,all
global_2xnp_zm_client,1707501600,1708106400,all
playlist_2xp_mp_server_long_term,1708110000,1711728000,all
playlist_2xp_mp_client_long_term,1708113600,1711724400,all
zm_lab_150_np_discount,1707501600,1708106400,all
half_off_nd_crate,1707501600,1708106400,all
zm_lab_titanium_treble_slot_1,1708106400,1716480000,all
global_2xtier_mp_server,1710518400,1711130400,all
global_2xtier_mp_client,1710522000,1711126800,all
global_2xtier_wz_server,1710518400,1711130400,all
global_2xtier_wz_client,1710522000,1711126800,all
5_and_5_no_dupe_crate_bundle,1710522000,1711126800,all
zm_lab_tungsten_tripler_slot_2,1710522000,1711126800,all
10_no_dupe_crate_bundle,1711126800,1711731600,all
global_2xp_mp_server,1711728000,1712080800,all
global_2xp_mp_client,1711731600,1712077200,all
global_2xp_zm_server,1711728000,1712080800,all
global_2xp_zm_client,1711731600,1712077200,all
global_2wxp_mp_server,1711728000,1712080800,all
global_2wxp_mp_client,1711731600,1712077200,all
global_2wxp_zm_server,1711728000,1712080800,all
global_2wxp_zm_client,1711731600,1712077200,all
playlist_2xp_mp_server_long_term,1712080800,1714665600,all
playlist_2xp_mp_client_long_term,1712084400,1714662000,all
5_and_5_no_dupe_crate_bundle,1711731600,1712077200,all
global_2xp_mp_server,1714665600,1715277600,all
global_2xp_mp_client,1714669200,1715274000,all
global_2xp_zm_server,1714665600,1715277600,all
global_2xp_zm_client,1714669200,1715274000,all
global_2xnp_zm_server,1714665600,1715277600,all
global_2xnp_zm_client,1714669200,1715274000,all
playlist_2xp_mp_server_long_term,1715277600,1716480000,all
playlist_2xp_mp_client_long_term,1715281200,1716476400,all
zm_lab_tungsten_tripler_slot_2,1714669200,1715274000,all
global_2xp_mp_server,1716480000,1717092000,all
global_2xp_mp_client,1716483600,1717088400,all
global_2xp_zm_server,1716480000,1717092000,all
global_2xp_zm_client,1716483600,1717088400,all
global_2x_merits_wz_server,1716480000,1717092000,all
global_2x_merits_wz_client,1716483600,1717088400,all
global_2wxp_mp_server,1716480000,1717092000,all
global_2wxp_mp_client,1716483600,1717088400,all
global_2wxp_zm_server,1716480000,1717092000,all
global_2wxp_zm_client,1716483600,1717088400,all
global_2xnp_zm_server,1716480000,1717092000,all
global_2xnp_zm_client,1716483600,1717088400,all
playlist_2xp_mp_server_long_term,1717092000,1717689600,all
playlist_2xp_mp_client_long_term,1717095600,1717686000,all
10_and_20_no_dupe_crate_bundle,1716483600,1717088400,all
zm_lab_150_np_discount,1716483600,1717088400,all
zm_lab_titanium_treble_slot_1,1717088400,1722528000,all
global_2xp_mp_server,1717689600,1718301600,all
global_2xp_mp_client,1717693200,1718298000,all
global_2xp_zm_server,1717689600,1718301600,all
global_2xp_zm_client,1717693200,1718298000,all
global_2x_merits_wz_server,1717689600,1718301600,all
global_2x_merits_wz_client,1717693200,1718298000,all
global_2wxp_mp_server,1717689600,1718301600,all
global_2wxp_mp_client,1717693200,1718298000,all
global_2wxp_zm_server,1717689600,1718301600,all
global_2wxp_zm_client,1717693200,1718298000,all
global_2xnp_zm_server,1717689600,1718301600,all
global_2xnp_zm_client,1717693200,1718298000,all
playlist_2xp_mp_server_long_term,1718301600,1720022400,all
playlist_2xp_mp_client_long_term,1718305200,1720018800,all
half_off_nd_crate,1717693200,1718298000,all
global_2xnp_zm_server,1718899200,1719338400,all
global_2xnp_zm_client,1718902800,1719334800,all
zm_lab_tungsten_tripler_slot_2,1718902800,1719334800,all
global_2xp_mp_server,1720022400,1720461600,all
global_2xp_mp_client,1720026000,1720458000,all
global_2xp_zm_server,1720022400,1720461600,all
global_2xp_zm_client,1720026000,1720458000,all
global_2x_merits_wz_server,1720022400,1720461600,all
global_2x_merits_wz_client,1720026000,1720458000,all
global_2wxp_mp_server,1720022400,1720461600,all
global_2wxp_mp_client,1720026000,1720458000,all
global_2wxp_zm_server,1720022400,1720461600,all
global_2wxp_zm_client,1720026000,1720458000,all
global_2xnp_zm_server,1720022400,1720461600,all
global_2xnp_zm_client,1720026000,1720458000,all
playlist_2xp_mp_server_long_term,1720461600,1721318400,all
playlist_2xp_mp_client_long_term,1720465200,1721314800,all
half_off_nd_crate,1720026000,1720458000,all
zm_lab_tungsten_tripler_slot_2,1720026000,1720458000,all
global_2x_merits_wz_server,1720713600,1721152800,all
global_2x_merits_wz_client,1720717200,1721149200,all
global_2xtier_mp_server,1720713600,1721152800,all
global_2xtier_mp_client,1720717200,1721149200,all
global_2xtier_wz_server,1720713600,1721152800,all
global_2xtier_wz_client,1720717200,1721149200,all
half_off_nd_crate,1720717200,1721149200,all
global_2xp_mp_server,1721318400,1721930400,all
global_2xp_mp_client,1721322000,1721926800,all
global_2xp_zm_server,1721318400,1721930400,all
global_2xp_zm_client,1721322000,1721926800,all
global_2wxp_mp_server,1721318400,1721930400,all
global_2wxp_mp_client,1721322000,1721926800,all
global_2wxp_zm_server,1721318400,1721930400,all
global_2wxp_zm_client,1721322000,1721926800,all
playlist_2xp_mp_server_long_term,1721930400,1723132800,all
playlist_2xp_mp_client_long_term,1721934000,1723129200,all
10_and_20_no_dupe_crate_bundle,1721322000,1721926800,all
global_2xnp_zm_server,1722528000,1722880800,all
global_2xnp_zm_client,1722531600,1722877200,all
zm_lab_150_np_discount,1722531600,1722877200,all
zm_lab_titanium_treble_slot_1,1722877200,1724947200,all
global_2xp_mp_server,1723132800,1723572000,all
global_2xp_mp_client,1723136400,1723568400,all
global_2xp_zm_server,1723132800,1723572000,all
global_2xp_zm_client,1723136400,1723568400,all
global_2wxp_mp_server,1723132800,1723572000,all
global_2wxp_mp_client,1723136400,1723568400,all
global_2wxp_zm_server,1723132800,1723572000,all
global_2wxp_zm_client,1723136400,1723568400,all
playlist_2xp_mp_server_long_term,1723572000,1724947200,all
playlist_2xp_mp_client_long_term,1723575600,1724943600,all
10_and_20_no_dupe_crate_bundle,1723136400,1723568400,all
zm_lab_tungsten_tripler_slot_2,1724346000,1724950800,all
global_2xp_mp_server,1724947200,1725386400,all
global_2xp_mp_client,1724950800,1725382800,all
global_2xp_zm_server,1724947200,1725386400,all
global_2xp_zm_client,1724950800,1725382800,all
global_2x_merits_wz_server,1724947200,1725386400,all
global_2x_merits_wz_client,1724950800,1725382800,all
global_2wxp_mp_server,1724947200,1725386400,all
global_2wxp_mp_client,1724950800,1725382800,all
global_2wxp_zm_server,1724947200,1725386400,all
global_2wxp_zm_client,1724950800,1725382800,all
global_2xnp_zm_server,1724947200,1725386400,all
global_2xnp_zm_client,1724950800,1725382800,all
playlist_2xp_mp_server_long_term,1725386400,1726156800,all
playlist_2xp_mp_client_long_term,1725390000,1726153200,all
5_and_5_no_dupe_crate_bundle,1724950800,1725382800,all
zm_lab_150_np_discount,1724950800,1725382800,all
zm_lab_titanium_treble_slot_1,1725382800,1726761600,all
global_2xp_mp_server,1726156800,1726768800,all
global_2xp_mp_client,1726160400,1726765200,all
global_2xp_zm_server,1726156800,1726768800,all
global_2xp_zm_client,1726160400,1726765200,all
global_2wxp_mp_server,1726156800,1726768800,all
global_2wxp_mp_client,1726160400,1726765200,all
global_2wxp_zm_server,1726156800,1726768800,all
global_2wxp_zm_client,1726160400,1726765200,all
playlist_2xp_mp_server_long_term,1726768800,1728144000,all
playlist_2xp_mp_client_long_term,1726772400,1728140400,all
global_2xnp_zm_server,1726761600,1727114400,all
global_2xnp_zm_client,1726765200,1727110800,all
zm_lab_150_np_discount,1726765200,1727110800,all
zm_lab_titanium_treble_slot_1,1727110800,1728144000,all
zm_lab_150_np_discount,1728147600,1730221200,all
zm_lab_titanium_treble_slot_1,1730221200,2147360400,all
global_2xp_mp_server,1728144000,1730570400,all
global_2xp_mp_client,1728147600,1730566800,all
global_2xp_zm_server,1728144000,1730570400,all
global_2xp_zm_client,1728147600,1730566800,all
global_2x_merits_wz_server,1728144000,1730570400,all
global_2x_merits_wz_client,1728147600,1730566800,all
global_2wxp_mp_server,1728144000,1730570400,all
global_2wxp_mp_client,1728147600,1730566800,all
global_2wxp_zm_server,1728144000,1730570400,all
global_2wxp_zm_client,1728147600,1730566800,all
global_2xnp_zm_server,1728144000,1730570400,all
global_2xnp_zm_client,1728147600,1730566800,all
global_2xtier_mp_server,1728144000,1730570400,all
global_2xtier_mp_client,1728147600,1730566800,all
global_2xtier_wz_server,1728144000,1730570400,all
global_2xtier_wz_client,1728147600,1730566800,all
playlist_2xp_mp_server_long_term,1730570400,1732726800,all
playlist_2xp_mp_client_long_term,1730574000,1732723200,all
10_and_20_no_dupe_crate_bundle,1728147600,1730566800,all
half_off_nd_crate,1728147600,1730566800,all
zm_lab_tungsten_tripler_slot_2,1730221200,1730566800,all
global_2xp_mp_server,1732726800,1733166000,all
global_2xp_mp_client,1732730400,1733162400,all
global_2xp_zm_server,1732726800,1733166000,all
global_2xp_zm_client,1732730400,1733162400,all
global_2x_merits_wz_server,1732726800,1733166000,all
global_2x_merits_wz_client,1732730400,1733162400,all
global_2wxp_mp_server,1732726800,1733166000,all
global_2wxp_mp_client,1732730400,1733162400,all
global_2wxp_zm_server,1732726800,1733166000,all
global_2wxp_zm_client,1732730400,1733162400,all
global_2xnp_zm_server,1732726800,1733166000,all
global_2xnp_zm_client,1732730400,1733162400,all
playlist_2xp_mp_server_long_term,1733166000,1734714000,all
playlist_2xp_mp_client_long_term,1733169600,1734710400,all
10_and_20_no_dupe_crate_bundle,1732730400,1733162400,all
zm_lab_tungsten_tripler_slot_2,1732730400,1733162400,all
global_2xp_mp_server,1734714000,1735844400,all
global_2xp_mp_client,1734717600,1735840800,all
global_2xp_zm_server,1734714000,1735844400,all
global_2xp_zm_client,1734717600,1735840800,all
global_2x_merits_wz_server,1734714000,1735844400,all
global_2x_merits_wz_client,1734717600,1735840800,all
global_2wxp_mp_server,1734714000,1735844400,all
global_2wxp_mp_client,1734717600,1735840800,all
global_2wxp_zm_server,1734714000,1735844400,all
global_2wxp_zm_client,1734717600,1735840800,all
global_2xnp_zm_server,1734714000,1735844400,all
global_2xnp_zm_client,1734717600,1735840800,all
10_and_20_no_dupe_crate_bundle,1734717600,1735840800,all
zm_lab_tungsten_tripler_slot_2,1734717600,1735840800,all
playlist_2xp_mp_server_long_term,1735844400,2147367600,all
playlist_2xp_mp_client_long_term,1735848000,2147364000,all
