ASSET_TYPE_AIMTABLE,sub_5E77E0
ASSET_TYPE_AITYPE,sub_2DA9640
ASSET_TYPE_AITYPE,sub_5B3E40
ASSET_TYPE_AITYPE,sub_5E77E0
ASSET_TYPE_AITYPE,sub_97CB10
ASSET_TYPE_ANIMMAPPINGTABLE,sub_28BB710
ASSET_TYPE_ANIMMAPPINGTABLE,sub_5B4B00
ASSET_TYPE_ANIMMAPPINGTABLE,sub_5E77E0
ASSET_TYPE_ANIMSELECTORTABLESET,sub_28BB710
ASSET_TYPE_ANIMSELECTORTABLESET,sub_5E77E0
ASSET_TYPE_ANIMSTATEMACHINE,sub_5E77E0
ASSET_TYPE_ARENASEASONS,sub_5B7E30
ASSET_TYPE_ATTACHMENT,sub_4211BA0
ASSET_TYPE_ATTACHMENT,sub_5C5340
ASSET_TYPE_BEAM,sub_5CB360
ASSET_TYPE_BEHAVIORSTATEMACHINE,sub_5E77E0
ASSET_TYPE_BEHAVIORTREE,sub_5E77E0
ASSET_TYPE_BITFIELD,sub_2DFDF50
ASSET_TYPE_BITFIELD,sub_2DFDF50
ASSET_TYPE_BLACKBOARD,sub_30F1650
ASSET_TYPE_BLACKBOARD,sub_3139B20
ASSET_TYPE_BLACKBOARD,sub_3139E50
ASSET_TYPE_BULLETPENETRATION,sub_41E9680
ASSET_TYPE_CGMEDIA,sub_ABE630
ASSET_TYPE_CHARACTER,sub_2DA9640
ASSET_TYPE_CHARACTER,sub_693480
ASSET_TYPE_CHARACTER,sub_6935D0
ASSET_TYPE_CHARACTER,sub_97CB10
ASSET_TYPE_CHARMIXER,sub_3A85A70
ASSET_TYPE_CLIPMAP,sub_2877440
ASSET_TYPE_COMPUTE_SHADER_SET,sub_227B560
ASSET_TYPE_COMPUTE_SHADER_SET,sub_35FD530
ASSET_TYPE_COMPUTE_SHADER_SET,sub_35FD740
ASSET_TYPE_COMWORLD,sub_28929D0
ASSET_TYPE_CPU_OCCLUSION_DATA,sub_353A520
ASSET_TYPE_CUSTOMIZATION_TABLE,sub_5D0F40
ASSET_TYPE_DDL,sub_28B7420
ASSET_TYPE_DRAWNODES,sub_22B46C0
ASSET_TYPE_ENTITLEMENTLIST,sub_380C720
ASSET_TYPE_ENTITLEMENTLIST,sub_380C800:
ASSET_TYPE_ENTITY_LIST,sub_2878050
ASSET_TYPE_ENTITYFXIMPACTS,sub_8A5580
ASSET_TYPE_FEATURETABLE,sub_2264D50
ASSET_TYPE_FIRSTPARTYENTITLEMENTLIST,sub_38C04F0
ASSET_TYPE_FLOWGRAPH,sub_694940
ASSET_TYPE_FX,sub_2F84C60
ASSET_TYPE_FX,sub_2F84D10
ASSET_TYPE_GAMETYPETABLE,sub_2896D30
ASSET_TYPE_GAMETYPETABLE,sub_3A8A4E0
ASSET_TYPE_GESTURE_TABLE,sub_1B096A0
ASSET_TYPE_GESTURE_TABLE,sub_1B097E0
ASSET_TYPE_GESTURE_TABLE,sub_3EF870
ASSET_TYPE_GESTURE_TABLE,sub_696FF0
ASSET_TYPE_GESTURE,sub_1B09460
ASSET_TYPE_GESTURE,sub_1B09580
ASSET_TYPE_GFXWORLD,sub_353A520
ASSET_TYPE_GFXWORLD,sub_3720AF0
ASSET_TYPE_GFXWORLD,sub_3725920
ASSET_TYPE_GLASSES,sub_40A2030
ASSET_TYPE_HIERARCHICAL_TASK_NETWORK,sub_682D90
ASSET_TYPE_HIGHLIGHTREELINFODEFINES,sub_2264E00
ASSET_TYPE_HIGHLIGHTREELPROFILEWEIGHTING,sub_2264E00
ASSET_TYPE_HIGHLIGHTREELSTARLEVELS,sub_2264E00
ASSET_TYPE_IMAGE,sub_22BACA0
ASSET_TYPE_IMAGE,sub_35BA300
ASSET_TYPE_IMAGE,sub_35BA3B0
ASSET_TYPE_IMAGE,sub_35BA570
ASSET_TYPE_IMAGE,sub_35BA570
ASSET_TYPE_IMAGE,sub_35BA570
ASSET_TYPE_IMAGE,sub_35BA570
ASSET_TYPE_IMAGE,sub_35BA570
ASSET_TYPE_IMAGE,sub_35BA570
ASSET_TYPE_IMAGE,sub_35BA570
ASSET_TYPE_IMAGE,sub_35BA570
ASSET_TYPE_IMAGE,sub_35BA570
ASSET_TYPE_IMAGE,sub_35BA570
ASSET_TYPE_IMAGE,sub_35BA570
ASSET_TYPE_IMAGE,sub_35BA570
ASSET_TYPE_IMAGE,sub_35BA570
ASSET_TYPE_IMAGE,sub_35BA570
ASSET_TYPE_IMAGE,sub_35BA570
ASSET_TYPE_IMAGE,sub_35BA570
ASSET_TYPE_IMAGE,sub_35BA570
ASSET_TYPE_IMAGE,sub_35BA570
ASSET_TYPE_IMAGE,sub_35BA570
ASSET_TYPE_IMAGE,sub_35BA570
ASSET_TYPE_IMAGE,sub_35BA570
ASSET_TYPE_IMAGE,sub_35BA570
ASSET_TYPE_IMAGE,sub_35BA570
ASSET_TYPE_IMAGE,sub_35BA570
ASSET_TYPE_IMAGE,sub_35BA570
ASSET_TYPE_IMAGE,sub_35BA570
ASSET_TYPE_IMAGE,sub_35BA570
ASSET_TYPE_IMAGE,sub_35BA570
ASSET_TYPE_IMAGE,sub_35BA570
ASSET_TYPE_IMAGE,sub_3711C60
ASSET_TYPE_IMAGE,sub_372F8C0
ASSET_TYPE_IMAGE,sub_39B5320
ASSET_TYPE_IMAGE,UI_CoD_Init(bool)
ASSET_TYPE_IMAGE,UI_CoD_Init(bool)
ASSET_TYPE_IMAGE;ASSET_TYPE_XMODELMESH;ASSET_TYPE_STREAMKEY,sub_22B96E0
ASSET_TYPE_IMPACT_FX,sub_4EC6F0
ASSET_TYPE_IMPACT_FX,sub_4EC6F0
ASSET_TYPE_KLF,sub_2F84D40
ASSET_TYPE_LABELSTORELIST,sub_37F6150
ASSET_TYPE_LEADERBOARD,sub_37D6D80
ASSET_TYPE_LEADERBOARD,sub_37D6E80
ASSET_TYPE_LOCALIZE_ENTRY,BG_UnlockablesSetLoadoutInfoToUIModel
ASSET_TYPE_LOCALIZE_ENTRY,BG_UnlockablesSetLoadoutInfoToUIModel
ASSET_TYPE_LOCALIZE_ENTRY,BG_UnlockablesSetLoadoutInfoToUIModel
ASSET_TYPE_LOCALIZE_ENTRY,BG_UnlockablesSetLoadoutInfoToUIModel
ASSET_TYPE_LOCALIZE_ENTRY,sub_2117100
ASSET_TYPE_LOCALIZE_ENTRY,sub_22CFA40
ASSET_TYPE_LOCALIZE_ENTRY,sub_22D4130
ASSET_TYPE_LOCALIZE_ENTRY,sub_22D4B70
ASSET_TYPE_LOCALIZE_ENTRY,sub_22D61A0
ASSET_TYPE_LOCALIZE_ENTRY,sub_22FB230
ASSET_TYPE_LOCALIZE_ENTRY,sub_2325270
ASSET_TYPE_LOCALIZE_ENTRY,sub_232DE90
ASSET_TYPE_LOCALIZE_ENTRY,sub_232DE90
ASSET_TYPE_LOCALIZE_ENTRY,sub_2338890
ASSET_TYPE_LOCALIZE_ENTRY,sub_263AF90
ASSET_TYPE_LOCALIZE_ENTRY,sub_278C7C0
ASSET_TYPE_LOCALIZE_ENTRY,sub_282B300
ASSET_TYPE_LOCALIZE_ENTRY,sub_28370B0
ASSET_TYPE_LOCALIZE_ENTRY,sub_2837230
ASSET_TYPE_LOCALIZE_ENTRY,sub_283E880
ASSET_TYPE_LOCALIZE_ENTRY,sub_2854E90
ASSET_TYPE_LOCALIZE_ENTRY,sub_28566A0
ASSET_TYPE_LOCALIZE_ENTRY,sub_28909D0
ASSET_TYPE_LOCALIZE_ENTRY,sub_2ECA0B0
ASSET_TYPE_LOCALIZE_ENTRY,sub_2ECA0B0
ASSET_TYPE_LOCALIZE_ENTRY,sub_37D7600
ASSET_TYPE_LOCALIZE_ENTRY,sub_37E8590
ASSET_TYPE_LOCALIZE_ENTRY,sub_37E8590
ASSET_TYPE_LOCALIZE_ENTRY,sub_37E9520
ASSET_TYPE_LOCALIZE_ENTRY,sub_37E98D0
ASSET_TYPE_LOCALIZE_ENTRY,sub_37E9B90
ASSET_TYPE_LOCALIZE_ENTRY,sub_37E9D20
ASSET_TYPE_LOCALIZE_ENTRY,sub_37E9EA0
ASSET_TYPE_LOCALIZE_ENTRY,sub_37EBEE0
ASSET_TYPE_LOCALIZE_ENTRY,sub_37EC400
ASSET_TYPE_LOCALIZE_ENTRY,sub_37EC9B0
ASSET_TYPE_LOCALIZE_ENTRY,sub_37EC9B0
ASSET_TYPE_LOCALIZE_ENTRY,sub_37F2180
ASSET_TYPE_LOCALIZE_ENTRY,sub_37F23A0
ASSET_TYPE_LOCALIZE_ENTRY,sub_37F2760
ASSET_TYPE_LOCALIZE_ENTRY,sub_37F3260
ASSET_TYPE_LOCALIZE_ENTRY,sub_37F3570
ASSET_TYPE_LOCALIZE_ENTRY,sub_37F4720
ASSET_TYPE_LOCALIZE_ENTRY,sub_37F9A00
ASSET_TYPE_LOCALIZE_ENTRY,sub_37FA0D0
ASSET_TYPE_LOCALIZE_ENTRY,sub_37FA240
ASSET_TYPE_LOCALIZE_ENTRY,sub_3804B00
ASSET_TYPE_LOCALIZE_ENTRY,sub_3804B00
ASSET_TYPE_LOCALIZE_ENTRY,sub_3804B00
ASSET_TYPE_LOCALIZE_ENTRY,sub_3804B00
ASSET_TYPE_LOCALIZE_ENTRY,sub_380CC30
ASSET_TYPE_LOCALIZE_ENTRY,sub_380CC30
ASSET_TYPE_LOCALIZE_ENTRY,sub_380CC30
ASSET_TYPE_LOCALIZE_ENTRY,sub_380CC30
ASSET_TYPE_LOCALIZE_ENTRY,sub_380CC30
ASSET_TYPE_LOCALIZE_ENTRY,sub_380CC30
ASSET_TYPE_LOCALIZE_ENTRY,sub_380CC30
ASSET_TYPE_LOCALIZE_ENTRY,sub_380CC30
ASSET_TYPE_LOCALIZE_ENTRY,sub_380D0F0
ASSET_TYPE_LOCALIZE_ENTRY,sub_380D0F0
ASSET_TYPE_LOCALIZE_ENTRY,sub_380D0F0
ASSET_TYPE_LOCALIZE_ENTRY,sub_380D0F0
ASSET_TYPE_LOCALIZE_ENTRY,sub_380D0F0
ASSET_TYPE_LOCALIZE_ENTRY,sub_380D0F0
ASSET_TYPE_LOCALIZE_ENTRY,sub_380D0F0
ASSET_TYPE_LOCALIZE_ENTRY,sub_380D0F0
ASSET_TYPE_LOCALIZE_ENTRY,sub_380D0F0
ASSET_TYPE_LOCALIZE_ENTRY,sub_380D0F0
ASSET_TYPE_LOCALIZE_ENTRY,sub_381DFB0
ASSET_TYPE_LOCALIZE_ENTRY,sub_381DFB0
ASSET_TYPE_LOCALIZE_ENTRY,sub_381E150
ASSET_TYPE_LOCALIZE_ENTRY,sub_38987B0
ASSET_TYPE_LOCALIZE_ENTRY,sub_38987B0
ASSET_TYPE_LOCALIZE_ENTRY,sub_38988C0
ASSET_TYPE_LOCALIZE_ENTRY,sub_38989F0
ASSET_TYPE_LOCALIZE_ENTRY,sub_38989F0
ASSET_TYPE_LOCALIZE_ENTRY,sub_3898BD0
ASSET_TYPE_LOCALIZE_ENTRY,sub_38994A0
ASSET_TYPE_LOCALIZE_ENTRY,sub_3899620
ASSET_TYPE_LOCALIZE_ENTRY,sub_3899750
ASSET_TYPE_LOCALIZE_ENTRY,sub_38998D0
ASSET_TYPE_LOCALIZE_ENTRY,sub_38AE360
ASSET_TYPE_LOCALIZE_ENTRY,sub_38B7AE0
ASSET_TYPE_LOCALIZE_ENTRY,sub_38B7AE0
ASSET_TYPE_LOCALIZE_ENTRY,sub_38B7AE0
ASSET_TYPE_LOCALIZE_ENTRY,sub_38B7E80
ASSET_TYPE_LOCALIZE_ENTRY,sub_38B7F70
ASSET_TYPE_LOCALIZE_ENTRY,sub_38B80E0
ASSET_TYPE_LOCALIZE_ENTRY,sub_38B8E50
ASSET_TYPE_LOCALIZE_ENTRY,sub_38B8E50
ASSET_TYPE_LOCALIZE_ENTRY,sub_38B8E50
ASSET_TYPE_LOCALIZE_ENTRY,sub_38B9100
ASSET_TYPE_LOCALIZE_ENTRY,sub_38B9100
ASSET_TYPE_LOCALIZE_ENTRY,sub_38BCCA0
ASSET_TYPE_LOCALIZE_ENTRY,sub_38C1350
ASSET_TYPE_LOCALIZE_ENTRY,sub_38C1350
ASSET_TYPE_LOCALIZE_ENTRY,sub_38C7A70
ASSET_TYPE_LOCALIZE_ENTRY,sub_38D3970
ASSET_TYPE_LOCALIZE_ENTRY,sub_38D5040
ASSET_TYPE_LOCALIZE_ENTRY,sub_38E3A70
ASSET_TYPE_LOCALIZE_ENTRY,sub_3963430
ASSET_TYPE_LOCALIZE_ENTRY,sub_3963430
ASSET_TYPE_LOCALIZE_ENTRY,sub_39B29E0
ASSET_TYPE_LOCALIZE_ENTRY,sub_3A689B0
ASSET_TYPE_LOCALIZE_ENTRY,sub_3A6BA00
ASSET_TYPE_LOCALIZE_ENTRY,sub_3A6FD60
ASSET_TYPE_LOCALIZE_ENTRY,sub_3A6FD60
ASSET_TYPE_LOCALIZE_ENTRY,sub_3A6FD60
ASSET_TYPE_LOCALIZE_ENTRY,sub_3A74EB0
ASSET_TYPE_LOCALIZE_ENTRY,sub_3A77C60
ASSET_TYPE_LOCALIZE_ENTRY,sub_3A780F0
ASSET_TYPE_LOCALIZE_ENTRY,sub_3A7AE00
ASSET_TYPE_LOCALIZE_ENTRY,sub_3A7AE00
ASSET_TYPE_LOCALIZE_ENTRY,sub_3A7B320
ASSET_TYPE_LOCALIZE_ENTRY,sub_3A84C50
ASSET_TYPE_LOCALIZE_ENTRY,sub_3A930D0
ASSET_TYPE_LOCALIZE_ENTRY,sub_3A93FC0
ASSET_TYPE_LOCALIZE_ENTRY,sub_3A93FC0
ASSET_TYPE_LOCALIZE_ENTRY,sub_3A94390
ASSET_TYPE_LOCALIZE_ENTRY,sub_3A94390
ASSET_TYPE_LOCALIZE_ENTRY,sub_3A9B220
ASSET_TYPE_LOCALIZE_ENTRY,sub_3A9B220
ASSET_TYPE_LOCALIZE_ENTRY,sub_3AF3580
ASSET_TYPE_LOCALIZE_ENTRY,sub_3BFB1A0
ASSET_TYPE_LOCALIZE_ENTRY,sub_3C42820
ASSET_TYPE_LOCALIZE_ENTRY,sub_3C43690
ASSET_TYPE_LOCALIZE_ENTRY,sub_3C43690
ASSET_TYPE_LOCALIZE_ENTRY,sub_3C43690
ASSET_TYPE_LOCALIZE_ENTRY,sub_3C45990
ASSET_TYPE_LOCALIZE_ENTRY,sub_3C46070
ASSET_TYPE_LOCALIZE_ENTRY,sub_3C76260
ASSET_TYPE_LOCALIZE_ENTRY,sub_3C81850
ASSET_TYPE_LOCALIZE_ENTRY,sub_3CB0E40
ASSET_TYPE_LOCALIZE_ENTRY,sub_3CB1870
ASSET_TYPE_LOCALIZE_ENTRY,sub_3CCC580
ASSET_TYPE_LOCALIZE_ENTRY,sub_3CCCD10
ASSET_TYPE_LOCALIZE_ENTRY,sub_3CCCD10
ASSET_TYPE_LOCALIZE_ENTRY,sub_3CCCF20
ASSET_TYPE_LOCALIZE_ENTRY,sub_3CCCF20
ASSET_TYPE_LOCALIZE_ENTRY,sub_3CCCF20
ASSET_TYPE_LOCALIZE_ENTRY,sub_3CCCF20
ASSET_TYPE_LOCALIZE_ENTRY,sub_3CCCF20
ASSET_TYPE_LOCALIZE_ENTRY,sub_3CCCF20
ASSET_TYPE_LOCALIZE_ENTRY,sub_3CCCF20
ASSET_TYPE_LOCALIZE_ENTRY,sub_3CCCF20
ASSET_TYPE_LOCALIZE_ENTRY,sub_3CCCF20
ASSET_TYPE_LOCALIZE_ENTRY,sub_3CCCF20
ASSET_TYPE_LOCALIZE_ENTRY,sub_3CCCF20
ASSET_TYPE_LOCALIZE_ENTRY,sub_3CCCF20
ASSET_TYPE_LOCALIZE_ENTRY,sub_3CCCF20
ASSET_TYPE_LOCALIZE_ENTRY,sub_3CCCF20
ASSET_TYPE_LOCALIZE_ENTRY,sub_3CCCF20
ASSET_TYPE_LOCALIZE_ENTRY,sub_3CCCF20
ASSET_TYPE_LOCALIZE_ENTRY,sub_3CCCF20
ASSET_TYPE_LOCALIZE_ENTRY,sub_3CD0010
ASSET_TYPE_LOCALIZE_ENTRY,sub_3CD0010
ASSET_TYPE_LOCALIZE_ENTRY,sub_3CD0BD0
ASSET_TYPE_LOCALIZE_ENTRY,sub_3CD3740
ASSET_TYPE_LOCALIZE_ENTRY,sub_3CD9750
ASSET_TYPE_LOCALIZE_ENTRY,sub_3CD9750
ASSET_TYPE_LOCALIZE_ENTRY,sub_3CD9C50
ASSET_TYPE_LOCALIZE_ENTRY,sub_3CD9C50
ASSET_TYPE_LOCALIZE_ENTRY,sub_3CD9C50
ASSET_TYPE_LOCALIZE_ENTRY,sub_3CE02B0
ASSET_TYPE_LOCALIZE_ENTRY,sub_3F0C40
ASSET_TYPE_LOCALIZE_ENTRY,sub_3F0C40
ASSET_TYPE_LOCALIZE_ENTRY,sub_3F0C40
ASSET_TYPE_LOCALIZE_ENTRY,sub_3F0C40
ASSET_TYPE_LOCALIZE_ENTRY,sub_3F0C40
ASSET_TYPE_LOCALIZE_ENTRY,sub_3F0C40
ASSET_TYPE_LOCALIZE_ENTRY,sub_410D3B0
ASSET_TYPE_LOCALIZE_ENTRY,sub_410D3B0
ASSET_TYPE_LOCALIZE_ENTRY,sub_410D3B0
ASSET_TYPE_LOCALIZE_ENTRY,sub_410D730
ASSET_TYPE_LOCALIZE_ENTRY,sub_4149EB0
ASSET_TYPE_LOCALIZE_ENTRY,sub_4169DE0
ASSET_TYPE_LOCALIZE_ENTRY,sub_4169DE0
ASSET_TYPE_LOCALIZE_ENTRY,sub_416A310
ASSET_TYPE_LOCALIZE_ENTRY,sub_416A310
ASSET_TYPE_LOCALIZE_ENTRY,sub_416A980
ASSET_TYPE_LOCALIZE_ENTRY,sub_421C040
ASSET_TYPE_LOCALIZE_ENTRY,sub_42EDB80
ASSET_TYPE_LOCALIZE_ENTRY,sub_431E920
ASSET_TYPE_LOCALIZE_ENTRY,sub_433BF10
ASSET_TYPE_LOCALIZE_ENTRY,sub_4342490
ASSET_TYPE_LOCALIZE_ENTRY,sub_4344720
ASSET_TYPE_LOCALIZE_ENTRY,sub_69F510
ASSET_TYPE_LOCALIZE_ENTRY,sub_69F5B0
ASSET_TYPE_LOCALIZE_ENTRY,sub_6B9890
ASSET_TYPE_LOCALIZE_ENTRY,sub_6B9890
ASSET_TYPE_LOCALIZE_ENTRY,sub_87A020
ASSET_TYPE_LOCALIZE_ENTRY,sub_C29270
ASSET_TYPE_LOCDMGTABLE,sub_2CD3230
ASSET_TYPE_LUAFILE,sub_390FBB0
ASSET_TYPE_MAPTABLE_LIST,sub_2896D30
ASSET_TYPE_MAPTABLE_LIST,sub_3A8A890
ASSET_TYPE_MAPTABLE,Com_GetMapTableForSession
ASSET_TYPE_MAPTABLE,sub_2897270
ASSET_TYPE_MAPTABLE,sub_289AF10
ASSET_TYPE_MAPTABLE,sub_3A83DD0
ASSET_TYPE_MAPTABLEENTRY_LEVEL_ASSETS,sub_3306DD0
ASSET_TYPE_MAPTABLEENTRY_LEVEL_ASSETS,sub_39D0D70
ASSET_TYPE_MAPTABLEENTRY_LEVEL_ASSETS,sub_699660
ASSET_TYPE_MATERIAL,Material_RegisterHandle
ASSET_TYPE_MATERIAL,sub_1B4BAF0
ASSET_TYPE_MATERIAL,sub_1B4BBE0
ASSET_TYPE_MATERIAL,sub_35FC7C0
ASSET_TYPE_MATERIAL,sub_35FC870
ASSET_TYPE_MATERIAL,sub_EB9EE0
ASSET_TYPE_MATERIAL,sub_EB9EE0
ASSET_TYPE_MATERIAL,sub_EB9EE0
ASSET_TYPE_MATERIAL,sub_EB9EE0
ASSET_TYPE_MOTION_MATCHING_INPUT,sub_690A20
ASSET_TYPE_NAVMESH,sub_37C6690
ASSET_TYPE_NAVVOLUME,sub_37C6A70
ASSET_TYPE_OBJECTIVE,sub_289C530
ASSET_TYPE_OBJECTIVE,sub_289C580
ASSET_TYPE_OBJECTIVE,sub_39E8BB0
ASSET_TYPE_OBJECTIVE,sub_3A7B510
ASSET_TYPE_PLAYER_ROLE_CATEGORY_TABLE,sub_5D1100
ASSET_TYPE_PLAYER_ROLE_CATEGORY,sub_697B00
ASSET_TYPE_PLAYER_ROLE_TEMPLATE,sub_5D1170
ASSET_TYPE_PLAYERANIMATION,sub_3ED660
ASSET_TYPE_PLAYERGLOBALTUNABLES,sub_3ED710
ASSET_TYPE_PLAYLIST_GLOBAL_SETTINGS,sub_3C474A0
ASSET_TYPE_PLAYLIST_SCHEDULE,sub_3C474A0
ASSET_TYPE_PLAYLISTS,sub_3C474A0
ASSET_TYPE_PLAYLISTS,sub_3C485C0
ASSET_TYPE_POSTFXBUNDLE,sub_8936E0
ASSET_TYPE_POSTFXBUNDLE,sub_896350
ASSET_TYPE_PRESTIGETABLE,sub_22EEB80
ASSET_TYPE_PRESTIGETABLE,sub_22EEC50
ASSET_TYPE_RAGDOLL,sub_3C57B70
ASSET_TYPE_RANKTABLE,sub_22EECF0
ASSET_TYPE_RANKTABLE,sub_22F0670
ASSET_TYPE_RANKTABLE,sub_22F0670
ASSET_TYPE_RANKTABLE,sub_22F0670
ASSET_TYPE_RANKTABLE,sub_22F07E0
ASSET_TYPE_RAWFILE,sub_2268D90
ASSET_TYPE_RAWFILE,sub_22CB4A0
ASSET_TYPE_RAWFILE,sub_2761BE0
ASSET_TYPE_RAWFILE,sub_289AD20
ASSET_TYPE_RAWFILE,sub_289AE40
ASSET_TYPE_RAWFILE,sub_2E05E20
ASSET_TYPE_RAWFILE,sub_2E08260
ASSET_TYPE_RAWFILE,sub_2EBB5C0
ASSET_TYPE_RAWFILE,sub_38BD760
ASSET_TYPE_RAWFILE,sub_3CDF0C0
ASSET_TYPE_RAWSTRING,sub_43F2650
ASSET_TYPE_RAWSTRING,sub_43F2650
ASSET_TYPE_RAWSTRING,sub_5CDB40
ASSET_TYPE_RENDEROVERRIDEBUNDLE,sub_896350
ASSET_TYPE_RENDERTARGETS,sub_3655710
ASSET_TYPE_RUMBLE,sub_158A3A0
ASSET_TYPE_RUMBLE,sub_1590130
ASSET_TYPE_RUMBLE,sub_15901C0
ASSET_TYPE_RUMBLE,sub_15909A0
ASSET_TYPE_SANIM,sub_114AD80
ASSET_TYPE_SANIM,sub_114B8B0
ASSET_TYPE_SANIM,sub_1684970
ASSET_TYPE_SANIM,sub_1684A40
ASSET_TYPE_SANIM,sub_33073B0
ASSET_TYPE_SANIM,sub_3307400
ASSET_TYPE_SANIM,sub_353A520
ASSET_TYPE_SANIM,sub_5D4580
ASSET_TYPE_SANIM,sub_5D4580
ASSET_TYPE_SCRIPTBUNDLE,sub_1B53830
ASSET_TYPE_SCRIPTBUNDLE,sub_1B538E0
ASSET_TYPE_SCRIPTBUNDLE,sub_31B2630
ASSET_TYPE_SCRIPTBUNDLE,sub_39C6FC0
ASSET_TYPE_SCRIPTBUNDLE,sub_3A85730
ASSET_TYPE_SCRIPTBUNDLE,sub_3C3DB30
ASSET_TYPE_SCRIPTBUNDLE,sub_3E4BD0
ASSET_TYPE_SCRIPTBUNDLE,sub_3E5230
ASSET_TYPE_SCRIPTBUNDLE,sub_42C13F0
ASSET_TYPE_SCRIPTBUNDLE,sub_5B7E30
ASSET_TYPE_SCRIPTBUNDLE,sub_5B8AB0
ASSET_TYPE_SCRIPTBUNDLE,sub_694460
ASSET_TYPE_SCRIPTBUNDLE,sub_694510
ASSET_TYPE_SCRIPTBUNDLE,sub_699130
ASSET_TYPE_SCRIPTBUNDLELIST,sub_205A3D0
ASSET_TYPE_SCRIPTBUNDLELIST,sub_318A190
ASSET_TYPE_SCRIPTBUNDLELIST,sub_318A3C0
ASSET_TYPE_SCRIPTBUNDLELIST,sub_3A857A0
ASSET_TYPE_SCRIPTBUNDLELIST,sub_3A85830
ASSET_TYPE_SCRIPTBUNDLELIST,sub_4171480
ASSET_TYPE_SCRIPTBUNDLELIST,sub_4EC6F0
ASSET_TYPE_SCRIPTBUNDLELIST,sub_5D0320
ASSET_TYPE_SCRIPTBUNDLELIST,sub_5D0640
ASSET_TYPE_SCRIPTBUNDLELIST,sub_6991D0
ASSET_TYPE_SCRIPTBUNDLELIST,sub_6A64B0
ASSET_TYPE_SCRIPTPARSETREE,GscObjResolve(scriptInstance_t,GSC_OBJ *)
ASSET_TYPE_SCRIPTPARSETREE,GscObjResolve(scriptInstance_t,GSC_OBJ *)
ASSET_TYPE_SCRIPTPARSETREE,GscObjResolve(scriptInstance_t,GSC_OBJ *)
ASSET_TYPE_SCRIPTPARSETREE,GscObjResolve(scriptInstance_t,GSC_OBJ *)
ASSET_TYPE_SCRIPTPARSETREE,GscObjResolve(scriptInstance_t,GSC_OBJ *)
ASSET_TYPE_SCRIPTPARSETREE,GscObjResolve(scriptInstance_t,GSC_OBJ *)
ASSET_TYPE_SCRIPTPARSETREE,GscObjResolve(scriptInstance_t,GSC_OBJ *)
ASSET_TYPE_SCRIPTPARSETREE,Scr_GetGSCObj
ASSET_TYPE_SCRIPTPARSETREE,Scr_GscObjLink(scriptInstance_t,GSC_OBJ *,bool):loc_27490C0
ASSET_TYPE_SCRIPTPARSETREE,sub_2748A70
ASSET_TYPE_SCRIPTPARSETREE,sub_2749210:loc_274927F
ASSET_TYPE_SPECTATE_CAMERA,sub_6A56A0
ASSET_TYPE_SPRAYORGESTURELIST,sub_3EFA20
ASSET_TYPE_SPRAYORGESTURELIST,sub_3EFCE0
ASSET_TYPE_SPRAYORGESTURELIST,sub_3EFDD0
ASSET_TYPE_STATIC_LEVEL_FX_LIST,sub_11506B0
ASSET_TYPE_STATUS_EFFECT,sub_6945C0
ASSET_TYPE_STATUS_EFFECT,sub_6946F0
ASSET_TYPE_STORAGEFILE,sub_3CAE170
ASSET_TYPE_STORAGEFILELIST,sub_3CAF6A0
ASSET_TYPE_STORECATEGORY,sub_3A6DB00
ASSET_TYPE_STORECATEGORYLIST,sub_38C0650
ASSET_TYPE_STORECATEGORYLIST,sub_38C0810
ASSET_TYPE_STORECATEGORYLIST,sub_38C19F0
ASSET_TYPE_STORECATEGORYLIST,sub_38C1C00
ASSET_TYPE_STOREPRODUCT,sub_3A6DC90
ASSET_TYPE_STREAMKEY,sub_1AD6350
ASSET_TYPE_STREAMKEY,sub_1AD6450
ASSET_TYPE_STREAMKEY,sub_22BACA0
ASSET_TYPE_STREAMKEY,sub_22C1EC0
ASSET_TYPE_STREAMKEY,sub_22C1EC0
ASSET_TYPE_STRINGTABLE,Scr_GetAssetFromScriptParam
ASSET_TYPE_STRINGTABLE,Scr_GetAssetFromScriptParam
ASSET_TYPE_STRINGTABLE,StringTable_GetAsset
ASSET_TYPE_STRINGTABLE,StringTable_GetAsset
ASSET_TYPE_STRINGTABLE,sub_28A2740
ASSET_TYPE_STRUCTURED_TABLE,sub_28A3F60
ASSET_TYPE_SURFACEFX_TABLE,sub_1ACE450
ASSET_TYPE_SURFACEFX_TABLE,sub_41E5400
ASSET_TYPE_SURFACEFX_TABLE,sub_ED4CC0
ASSET_TYPE_SURFACESOUNDDEF,sub_10D70A0
ASSET_TYPE_TACTICALQUERY,sub_31CF2F0
ASSET_TYPE_TAGFX,sub_115B3D0
ASSET_TYPE_TERRAINGFX,sub_3C55D40
ASSET_TYPE_TRACER,sub_3F158E0
ASSET_TYPE_TRIGGER_LIST,sub_2878080
ASSET_TYPE_TTF,R_RegisterFont
ASSET_TYPE_TTF,sub_3ADE430
ASSET_TYPE_TTF,sub_3B14E20
ASSET_TYPE_TTF,sub_3BCA730
ASSET_TYPE_UNLOCKABLE_ITEM_TABLE,sub_6BED70
ASSET_TYPE_VEHICLEDEF,sub_2DA9640
ASSET_TYPE_VEHICLEDEF,sub_3A90760
ASSET_TYPE_VEHICLEDEF,sub_41E53D0
ASSET_TYPE_VEHICLEDEF,sub_97CB10
ASSET_TYPE_WEAPON,sub_3A90810
ASSET_TYPE_WEAPON,sub_41E97A0
ASSET_TYPE_WEAPON,sub_4214FE0
ASSET_TYPE_XANIM,sub_3DA34C0
ASSET_TYPE_XANIM,sub_3DA5B20
ASSET_TYPE_XANIM,sub_3DA6940
ASSET_TYPE_XANIM,sub_3DA7560
ASSET_TYPE_XANIM,sub_3DA77A0
ASSET_TYPE_XANIM,sub_3DA85B0
ASSET_TYPE_XANIM,sub_3DA8620
ASSET_TYPE_XANIM,sub_3DA8740
ASSET_TYPE_XANIM,sub_3DAC6F0
ASSET_TYPE_XANIM,sub_3DAC770
ASSET_TYPE_XMODEL,sub_1AD61F0
ASSET_TYPE_XMODEL,sub_1AD61F0
ASSET_TYPE_XMODEL,sub_1B43E10
ASSET_TYPE_XMODEL,sub_1B43E10
ASSET_TYPE_XMODEL,sub_27E7CE0
ASSET_TYPE_XMODEL,sub_2F2F680
ASSET_TYPE_XMODEL,sub_2F545F0
ASSET_TYPE_XMODEL,sub_35FD530
ASSET_TYPE_XMODEL,sub_3D90DA0
ASSET_TYPE_XMODEL,sub_3DC4D90
ASSET_TYPE_XMODEL,sub_3DC4E50
ASSET_TYPE_XMODEL,sub_3DC4F00
ASSET_TYPE_XMODEL,sub_3DCAAC0
ASSET_TYPE_XMODEL,sub_41828F0
ASSET_TYPE_XMODEL,sub_693480
ASSET_TYPE_XMODEL,sub_6935D0
ASSET_TYPE_XMODEL,sub_698BB0
ASSET_TYPE_XMODEL,sub_8A7A50
ASSET_TYPE_XMODELMESH,sub_22BACA0
ASSET_TYPE_ZBARRIER,sub_1F394C0
ASSET_TYPE_ZBARRIER,sub_339D880
<all>,sub_5CEC20